Rk,Name,Age,Tm,G,PA,AB,R,H,2B,3B,HR,RBI,SB,CS,BB,SO,BA,OBP,SLG,OPS,OPS+,TB,GDP,HBP,SH,SF,IBB,Pos Summary,Name-additional
1,Albert Abreu,26,TOT,1,0,0,0,0,0,0,0,0,0,0,0,0,,,,,,0,0,0,0,0,0,1,abreual01
2,José Abreu,35,CHW,157,679,601,85,183,40,0,15,75,0,0,62,110,.304,.378,.446,.824,133,268,19,12,0,4,2,*3D,abreujo02
3,Jo Adell,23,LAA,88,285,268,22,60,12,2,8,27,4,2,11,107,.224,.264,.373,.637,79,100,6,4,0,1,0,79H/D,adelljo01
4,Jesus Aguilar,32,BAL,16,51,49,2,11,1,0,1,2,0,0,1,13,.224,.240,.306,.546,54,15,0,0,0,0,0,/D3H,aguilje01
5,Ryan Aguilar*,27,LAA,7,26,22,2,3,1,0,0,2,0,0,2,14,.136,.231,.182,.413,20,4,0,1,0,1,0,/9738,aguilry01
6,Austin Allen*,28,OAK,5,16,14,1,1,0,0,0,0,0,0,1,9,.071,.188,.071,.259,-20,1,1,1,0,0,0,/2D,allenau01
7,Nick Allen,23,OAK,100,326,299,31,62,13,0,4,19,3,2,19,64,.207,.256,.291,.547,60,87,5,1,6,1,0,64/H,allenni02
8,Abraham Almonte#,33,BOS,15,37,35,7,9,2,0,1,2,1,0,1,12,.257,.297,.400,.697,92,14,1,1,0,0,0,/H87D9,almonab01
9,Jose Altuve,32,HOU,141,604,527,103,158,39,0,28,57,18,1,66,87,.300,.387,.533,.921,160,281,13,10,0,1,2,*4/HD,altuvjo01
10,Yordan Alvarez*,25,HOU,135,561,470,95,144,29,2,37,97,1,1,78,106,.306,.406,.613,1.019,187,288,12,6,0,7,9,D7/H,alvaryo01
11,Tim Anderson,29,CHW,79,351,332,50,100,13,0,6,25,13,0,14,55,.301,.339,.395,.734,108,131,10,5,0,0,1,6,anderti01
12,Elvis Andrus,33,TOT,149,577,535,66,133,32,0,17,58,18,4,39,92,.249,.303,.404,.707,103,216,11,3,0,0,0,*6/HD,andruel01
13,Miguel Andujar,27,NYY,27,100,96,9,22,2,0,1,8,4,0,3,22,.229,.250,.281,.531,52,27,0,0,0,1,0,7/DH3,andujmi01
14,Jonathan Aranda*,24,TBR,32,87,78,10,15,4,0,2,6,0,0,8,23,.192,.276,.321,.596,75,25,1,1,0,0,1,43/H5D7,arandjo01
15,Jonathan Arauz#,23,TOT,15,41,38,3,5,0,0,1,5,0,0,1,12,.132,.150,.211,.361,1,8,0,0,1,1,0,/546H,arauzjo01
16,Gabriel Arias,22,CLE,16,57,47,9,9,1,1,1,5,1,0,8,16,.191,.321,.319,.641,87,15,1,1,1,0,0,/5463H,ariasga01
17,Randy Arozarena,27,TBR,153,645,586,72,154,41,3,20,89,32,12,46,156,.263,.327,.445,.773,124,261,17,11,0,2,2,*7D9/H,arozara01
18,Luis Arraez*,25,MIN,144,603,547,88,173,31,1,8,49,4,4,50,43,.316,.375,.420,.795,130,230,6,3,0,3,2,34DH/5,arraelu01
19,Christian Arroyo,27,BOS,87,300,280,32,80,16,1,6,36,5,1,13,49,.286,.322,.414,.736,103,116,7,3,2,2,2,4965/3DH,arroych01
20,Akil Baddoo*,23,DET,73,225,201,30,41,3,2,2,9,9,6,24,64,.204,.289,.269,.558,65,54,2,0,0,0,0,78H/D,baddoak01
21,Harrison Bader,28,NYY,14,49,46,3,10,3,0,0,9,2,1,2,15,.217,.245,.283,.528,51,13,0,0,0,1,0,8/H,baderha01
22,Javier Baez,29,DET,144,590,555,64,132,27,4,17,67,9,2,26,147,.238,.278,.393,.671,93,218,13,6,0,3,1,*6D/H,baezja01
23,Rylan Bannon,26,BAL,4,15,14,0,2,0,0,0,0,0,0,0,5,.143,.200,.143,.343,0,2,0,1,0,0,0,/5D,bannory01
24,Joe Barlow,26,TEX,1,0,0,0,0,0,0,0,0,0,0,0,0,,,,,,0,0,0,0,0,0,1,barlojo01
25,Scott Barlow,29,KCR,3,0,0,0,0,0,0,0,0,0,0,0,0,,,,,,0,0,0,0,0,0,1,barlosc01
26,Tucker Barnhart*,31,DET,94,308,281,16,62,10,0,1,16,0,0,25,74,.221,.287,.267,.554,64,75,7,1,1,0,0,2/51,barnhtu01
27,Luis Barrera*,26,OAK,32,85,77,3,18,5,0,1,7,3,0,6,17,.234,.294,.338,.632,84,26,2,1,0,1,0,79/H8,barrelu01
28,Félix Bautista,27,BAL,4,0,0,0,0,0,0,0,0,0,0,0,0,,,,,,0,0,0,0,0,0,1,bautife01
29,Tim Beckham,32,MIN,12,25,25,1,2,0,0,0,1,0,0,0,9,.080,.080,.080,.160,-53,2,2,0,0,0,0,/H7D3,beckhti01
30,Anthony Bemboom*,32,BAL,22,59,52,4,6,2,0,1,1,0,0,6,17,.115,.207,.212,.418,20,11,1,0,1,0,0,2/H,bemboan01
31,Andrew Benintendi*,27,TOT,126,521,461,54,140,23,3,5,51,8,3,52,77,.304,.373,.399,.772,120,184,7,2,1,5,0,*7/HD,beninan01
32,Will Benson*,24,CLE,28,61,55,8,10,1,0,0,3,0,0,3,19,.182,.250,.200,.450,33,11,1,2,1,0,0,8/H97D,bensowi01
33,Christian Bethancourt,30,TOT,100,333,318,39,80,17,0,11,34,5,1,12,80,.252,.283,.409,.692,100,130,6,2,1,0,0,23HD/15,bethach01
34,Bo Bichette,24,TOR,159,697,652,91,189,43,1,24,93,13,8,41,155,.290,.333,.469,.802,127,306,21,2,0,2,0,*6/DH,bichebo01
35,Cavan Biggio*,27,TOR,97,303,257,43,52,18,1,6,24,2,0,38,85,.202,.318,.350,.668,92,90,2,6,1,1,0,43H/9D75,biggica01
36,Dairon Blanco,29,KCR,5,7,7,1,2,0,0,0,2,1,0,0,4,.286,.286,.286,.571,63,2,0,0,0,0,0,/8HD,blancda02
37,Xander Bogaerts,29,BOS,150,631,557,84,171,38,0,15,73,8,2,57,118,.307,.377,.456,.833,131,254,14,10,0,7,2,*6/DH,bogaexa01
38,Ronald Bolanos,25,KCR,1,0,0,0,0,0,0,0,0,0,0,0,0,,,,,,0,0,0,0,0,0,/1,bolanro01
39,Skye Bolt#,28,OAK,42,116,106,10,21,2,0,4,13,5,0,7,30,.198,.259,.330,.589,71,35,1,2,0,1,0,8/H97,boltsk01
40,Bobby Bradley*,26,CLE,8,17,17,1,2,0,0,0,0,0,0,0,9,.118,.118,.118,.235,-31,2,0,0,0,0,0,/3H,bradlbo01
41,Jackie Bradley Jr.*,32,TOT,131,370,344,30,70,23,1,4,38,2,3,24,77,.203,.255,.311,.566,58,107,5,0,2,0,0,*98/H1,bradlja02
42,Michael Brantley*,35,HOU,64,277,243,28,70,14,1,5,26,1,1,31,30,.288,.370,.416,.785,125,101,1,1,1,1,2,D7,brantmi02
43,Rob Brantly*,32,NYY,1,3,3,0,1,1,0,0,0,0,0,0,0,.333,.333,.667,1.000,177,2,0,0,0,0,0,/2,brantro01
44,Matt Brash,24,SEA,1,0,0,0,0,0,0,0,0,0,0,0,0,,,,,,0,0,0,0,0,0,1,brashma01
45,Alex Bregman,28,HOU,155,656,548,93,142,38,0,23,93,1,2,87,77,.259,.366,.454,.820,133,249,18,11,0,10,1,*5/H,bregmal01
46,Will Brennan*,24,CLE,11,45,42,6,15,1,1,1,8,2,1,2,4,.357,.400,.500,.900,159,21,0,1,0,0,1,/798DH,brennwi02
47,Jonah Bride,26,OAK,58,187,162,17,33,4,0,1,6,1,0,19,32,.204,.301,.247,.548,63,40,4,4,1,1,0,45/H3D,bridejo01
48,Seth Brown*,29,OAK,150,555,500,55,115,26,3,25,73,11,2,51,146,.230,.305,.444,.749,115,222,7,3,0,1,3,3798H/D,brownse01
49,Vidal Brujan#,24,TBR,52,162,147,13,24,5,0,3,16,5,5,12,37,.163,.228,.259,.487,43,38,2,1,0,2,0,49/H658D7,brujavi01
50,Aaron Bummer*,28,CHW,1,0,0,0,0,0,0,0,0,0,0,0,0,,,,,,0,0,0,0,0,0,1,bummeaa01
51,Jake Burger,26,CHW,51,183,168,20,42,9,1,8,26,0,0,10,56,.250,.302,.458,.761,112,77,7,3,1,1,1,5/DH4,burgeja01
52,Byron Buxton,28,MIN,92,382,340,61,76,13,3,28,51,6,0,34,116,.224,.306,.526,.833,135,179,0,7,0,1,0,8D/H,buxtoby01
53,Miguel Cabrera,39,DET,112,433,397,25,101,10,0,5,43,1,0,28,101,.254,.305,.317,.622,83,126,11,3,0,5,3,*D/H,cabremi01
54,Oswaldo Cabrera#,23,NYY,44,171,154,21,38,8,1,6,19,3,2,15,44,.247,.312,.429,.740,109,66,1,0,1,1,0,9/76345H,cabreos01
55,Kole Calhoun*,34,TEX,125,424,388,36,76,14,1,12,49,3,2,27,136,.196,.257,.330,.587,67,128,6,6,0,3,0,97HD/8,calhoko01
56,Willie Calhoun*,27,TEX,18,53,44,7,6,3,0,1,2,0,0,8,6,.136,.283,.273,.556,61,12,1,1,0,0,0,D/7H,calhowi01
57,Alex Call,27,CLE,12,16,12,2,2,0,0,0,0,0,0,4,4,.167,.375,.167,.542,65,2,0,0,0,0,0,/9H87,callal02
58,Daz Cameron,25,DET,21,70,64,6,14,3,1,1,8,2,0,5,20,.219,.286,.344,.629,83,22,1,1,0,0,0,9/8H,camerda01
59,Jeimer Candelario#,28,DET,124,467,429,49,93,19,2,13,50,0,1,28,109,.217,.272,.361,.633,83,155,9,6,0,4,1,*5/DH,candeje01
60,Conner Capel*,25,OAK,13,40,35,6,13,0,1,2,9,1,1,4,8,.371,.425,.600,1.025,196,21,2,0,0,1,0,9/H,capelco01
61,Vinny Capra,25,TOR,8,7,5,2,1,0,0,0,0,0,0,2,1,.200,.429,.200,.629,90,1,0,0,0,0,0,/HD479,capravi01
62,Kerry Carpenter*,24,DET,31,113,103,16,26,4,1,6,10,0,0,6,32,.252,.310,.485,.795,128,50,0,3,0,1,0,D7/9H,carpeke01
63,Matt Carpenter*,36,NYY,47,154,128,28,39,9,0,15,37,0,0,19,35,.305,.412,.727,1.138,217,93,2,5,1,1,1,DH9/375,carpema01
64,Curt Casali,33,SEA,16,50,40,7,5,1,0,1,3,0,0,9,14,.125,.300,.225,.525,58,9,0,1,0,0,0,2/3H,casalcu01
65,Triston Casas*,22,BOS,27,95,76,11,15,1,0,5,12,1,0,19,23,.197,.358,.408,.766,113,31,4,0,0,0,0,3/H,casastr01
66,Diego Castillo,28,SEA,2,0,0,0,0,0,0,0,0,0,0,0,0,,,,,,0,0,0,0,0,0,1,castidi01
67,Harold Castro*,28,DET,120,443,420,37,114,21,2,7,47,0,1,17,79,.271,.300,.381,.681,98,160,5,1,3,2,1,3564H/D178,castrha01
68,Jason Castro*,35,HOU,34,88,78,6,9,2,0,1,3,1,0,8,40,.115,.205,.179,.384,11,14,1,1,0,1,0,2/H,castrja01
69,Willi Castro#,25,DET,112,392,365,47,88,18,2,8,31,9,4,15,82,.241,.284,.367,.651,89,134,4,8,1,3,0,97486H/5D,castrwi01
70,Jake Cave*,29,MIN,54,177,164,17,35,7,3,5,20,2,0,11,49,.213,.260,.384,.644,84,63,2,0,0,2,0,79/H8,caveja01
71,Gilberto Celestino,23,MIN,122,347,311,30,74,12,1,2,24,4,1,32,77,.238,.313,.302,.615,80,94,13,2,2,0,0,*87H/9,celesgi01
72,Yu Chang,26,TOT,51,141,126,14,28,5,0,3,13,0,0,12,41,.222,.291,.333,.624,81,42,4,1,0,2,0,46/531H,changyu01
73,Matt Chapman,29,TOR,155,621,538,83,123,27,1,27,76,2,2,68,170,.229,.324,.433,.757,115,233,7,10,0,5,1,*5/HD,chapmma01
74,Robinson Chirinos,38,BAL,67,220,195,10,35,9,0,4,22,1,0,19,67,.179,.265,.287,.552,58,56,4,4,1,1,0,2/H,chiriro01
75,Ji-Man Choi*,31,TBR,113,419,356,36,83,22,0,11,52,0,0,58,123,.233,.341,.388,.729,114,138,3,2,0,3,3,3DH,choiji01
76,Taylor Clarke,29,KCR,4,0,0,0,0,0,0,0,0,0,0,0,0,,,,,,0,0,0,0,0,0,1,clarkta01
77,Kody Clemens*,26,DET,56,127,117,13,17,4,0,5,17,1,0,8,33,.145,.197,.308,.505,45,36,1,0,0,2,0,5H3/47D1,clemeko01
78,Ernie Clement,26,TOT,69,179,163,19,30,4,0,0,6,0,1,11,26,.184,.243,.209,.452,33,34,3,2,2,1,0,5H47/D316,clemeer01
79,Dylan Coleman,25,KCR,4,0,0,0,0,0,0,0,0,0,0,0,0,,,,,,0,0,0,0,0,0,1,colemdy01
80,Zack Collins*,27,TOR,26,79,72,7,14,4,0,4,10,0,0,6,31,.194,.266,.417,.682,92,30,0,1,0,0,0,D2/H3,colliza01
81,Mark Contreras*,27,MIN,28,61,58,9,7,1,0,3,6,1,0,1,21,.121,.148,.293,.441,24,17,2,1,0,1,0,8/9H7,contrma01
82,Franchy Cordero*,27,BOS,84,275,242,36,53,17,1,8,29,4,1,28,92,.219,.300,.397,.697,92,96,1,1,2,2,1,397H/D8,cordefr02
83,Carlos Correa,27,MIN,136,590,522,70,152,24,1,22,64,0,1,61,121,.291,.366,.467,.834,140,244,18,3,0,4,2,*6/DH,correca01
84,J.P. Crawford*,27,SEA,145,603,518,57,126,24,3,6,42,3,2,68,80,.243,.339,.336,.675,100,174,11,10,2,5,0,*6/H,crawfjp01
85,Charlie Culberson,33,TEX,68,124,115,19,29,6,0,2,12,2,3,5,31,.252,.283,.357,.640,83,41,5,0,4,0,0,5H74D/136,culbech01
86,Bobby Dalbec,27,BOS,117,353,317,40,68,9,2,12,39,3,0,29,118,.215,.283,.369,.652,80,117,5,3,0,4,0,35H/D46,dalbebo01
87,Matt Davidson,31,OAK,8,24,24,2,4,0,0,1,2,0,1,0,10,.167,.167,.292,.458,31,7,0,0,0,0,0,/53DH,davidma02
88,Brendon Davis,24,DET,3,11,10,2,2,0,0,0,0,1,0,1,3,.200,.273,.200,.473,42,2,0,0,0,0,0,/95,davisbr04
89,Jaylin Davis,27,BOS,12,27,24,4,8,1,0,0,2,0,0,3,11,.333,.407,.375,.782,120,9,0,0,0,0,0,/H897,davisja03
90,Enyel De Los Santos,26,CLE,1,0,0,0,0,0,0,0,0,0,0,0,0,,,,,,0,0,0,0,0,0,1,delosen01
91,Rafael Devers*,25,BOS,141,614,555,84,164,42,1,27,88,3,1,50,114,.295,.358,.521,.879,141,289,14,6,0,3,11,*5/DH,deverra01
92,Aledmys Díaz,31,HOU,92,327,305,35,74,13,0,12,38,1,1,18,53,.243,.287,.403,.691,95,123,7,2,0,2,0,746H5/D39,diazal02
93,Jordan Diaz,21,OAK,15,51,49,3,13,3,0,0,1,0,0,2,7,.265,.294,.327,.621,82,16,1,0,0,0,0,4/D3,diazjo03
94,Yainer Diaz,23,HOU,6,9,8,0,1,1,0,0,1,0,0,1,2,.125,.222,.250,.472,35,2,0,0,0,0,0,/D2H,diazya02
95,Yandy Díaz,30,TBR,137,558,473,71,140,33,0,9,57,3,3,78,60,.296,.401,.423,.824,143,200,10,6,0,1,2,53DH,diazya01
96,Yusniel Diaz,25,BAL,1,1,1,0,0,0,0,0,0,0,0,0,1,.000,.000,.000,.000,-100,0,0,0,0,0,0,/H9,diazyu01
97,Josh Donaldson,36,NYY,132,546,478,59,106,28,0,15,62,2,2,54,148,.222,.308,.374,.682,94,179,13,8,0,6,1,5D/H,donaljo02
98,Jeter Downs,23,BOS,14,41,39,4,6,1,0,1,4,0,0,1,21,.154,.171,.256,.427,17,10,0,0,0,1,0,/45H6D,downsje01
99,Hunter Dozier,30,KCR,128,500,462,51,109,26,4,12,41,4,3,34,125,.236,.292,.387,.679,91,179,14,3,0,1,0,395D/7H1,doziehu01
100,Mauricio Dubon,27,HOU,83,216,197,21,41,8,0,3,16,2,3,12,26,.208,.254,.294,.548,56,58,7,1,3,3,0,864/7H9,dubonma01
101,Tyler Duffey,31,MIN,2,0,0,0,0,0,0,0,0,0,0,0,0,,,,,,0,0,0,0,0,0,1,duffety01
102,Matt Duffy,31,LAA,77,247,228,14,57,8,0,2,16,0,0,17,50,.250,.308,.311,.619,77,71,6,2,0,0,0,534H,duffyma01
103,Steven Duggar*,28,TOT,17,41,36,5,4,0,1,0,0,1,1,5,25,.111,.220,.167,.386,13,6,0,0,0,0,0,7/8H,duggast01
104,Ezequiel Duran,23,TEX,58,220,208,25,49,10,1,5,25,4,1,12,54,.236,.277,.365,.643,83,76,3,0,0,0,0,5/4HD,duranez01
105,Jarren Duran*,25,BOS,58,223,204,23,45,14,3,3,17,7,1,14,63,.221,.283,.363,.645,78,74,1,4,0,1,0,8/9HD,duranja01
106,Jhoan Duran,24,MIN,3,0,0,0,0,0,0,0,0,0,0,0,0,,,,,,0,0,0,0,0,0,1,duranjh01
107,Nate Eaton,25,KCR,44,122,106,16,28,4,3,1,12,11,1,10,30,.264,.331,.387,.717,103,41,2,2,1,3,0,95H/78,eatonna01
108,Drew Ellis,26,SEA,1,3,3,0,1,0,0,0,0,0,0,0,1,.333,.333,.333,.667,97,1,0,0,0,0,0,/5,ellisdr01
109,Adam Engel,30,CHW,119,260,245,32,55,13,1,2,17,12,4,11,76,.224,.269,.310,.579,64,76,2,4,0,0,1,*89H/D7,engelad01
110,Santiago Espinal,27,TOR,135,491,449,51,120,25,0,7,51,6,6,36,68,.267,.322,.370,.692,99,166,12,2,1,3,1,*4H56,espinsa01
111,Stuart Fairchild,26,SEA,3,3,3,0,0,0,0,0,0,0,0,0,2,.000,.000,.000,.000,-100,0,0,0,0,0,0,/7H,faircst01
112,Freddy Fermin,27,KCR,3,7,7,1,0,0,0,0,0,0,1,0,3,.000,.000,.000,.000,-100,0,0,0,0,0,0,/2,fermifr01
113,David Fletcher,28,LAA,61,228,216,20,55,9,1,2,17,1,0,7,16,.255,.288,.333,.621,77,72,6,3,2,0,0,46/H,fletcda02
114,Estevan Florial*,24,NYY,17,35,31,4,3,0,0,0,1,2,0,3,13,.097,.200,.097,.297,-11,3,0,1,0,0,0,8/HD7,flories01
115,Mike Ford*,29,TOT,44,137,120,9,26,5,0,3,8,0,0,16,38,.217,.314,.333,.647,86,40,1,1,0,0,0,3D/H,fordmi01
116,Matt Foster,27,CHW,1,0,0,0,0,0,0,0,0,0,0,0,0,,,,,,0,0,0,0,0,0,1,fostema01
117,Ty France,27,SEA,140,613,551,65,152,27,1,20,84,0,0,35,94,.276,.340,.437,.777,126,241,18,21,0,5,3,*3/D5H4,francty01
118,Wander Franco#,21,TBR,83,344,314,46,87,20,3,6,33,8,0,26,33,.277,.328,.417,.746,117,131,5,0,0,4,1,6D/H,francwa01
119,Adam Frazier*,30,SEA,156,602,541,61,129,22,4,3,42,11,6,46,73,.238,.301,.311,.612,80,168,15,5,4,6,1,*497H/D68,fraziad01
120,Tyler Freeman,23,CLE,24,86,77,9,19,3,0,0,3,1,0,4,11,.247,.314,.286,.600,76,22,2,4,0,1,0,5/64HD,freemty01
121,Michael Fulmer,29,TOT,1,0,0,0,0,0,0,0,0,0,0,0,0,,,,,,0,0,0,0,0,0,1,fulmemi01
122,Cam Gallagher,29,KCR,18,47,42,1,9,5,0,0,5,0,0,3,13,.214,.267,.333,.600,69,14,0,0,2,0,0,2,gallaca01
123,Joey Gallo*,28,NYY,82,273,233,32,37,4,1,12,24,2,0,40,106,.159,.282,.339,.621,77,79,0,0,0,0,0,79/H8D,gallojo01
124,Adolis García,29,TEX,156,657,605,88,151,34,5,27,101,25,6,40,183,.250,.300,.456,.756,113,276,9,6,0,6,2,*98D/H,garciad02
125,Dermis Garcia,24,OAK,39,125,116,13,24,6,0,5,20,0,0,8,55,.207,.264,.388,.652,88,45,1,1,0,0,0,3/HD7,garcide02
126,Leury Garcia#,31,CHW,97,315,300,38,63,8,0,3,20,2,0,7,65,.210,.233,.267,.500,42,80,6,3,2,3,0,46H9/75D8,garcile02
127,Maikel Garcia,22,KCR,9,23,22,1,7,1,0,0,2,0,0,1,5,.318,.348,.364,.711,103,8,1,0,0,0,0,/6H,garcima01
128,Rico Garcia,28,BAL,1,0,0,0,0,0,0,0,0,0,0,0,0,,,,,,0,0,0,0,0,0,/1,garciri01
129,Kyle Garlick,30,MIN,66,162,150,23,35,3,0,9,18,0,0,8,48,.233,.284,.433,.717,104,65,2,3,0,1,0,79H/D,garliky01
130,Dustin Garneau,34,DET,8,11,10,1,3,1,0,0,1,0,0,1,4,.300,.364,.400,.764,123,4,0,0,0,0,0,/2H,garnedu01
131,Mitch Garver,31,TEX,54,215,188,23,39,7,0,10,24,1,1,23,53,.207,.298,.404,.702,99,76,3,2,0,2,0,D2/H,garvemi01
132,Andres Gimenez*,23,CLE,146,557,491,66,146,26,3,17,69,20,3,34,112,.297,.371,.466,.837,141,229,9,25,4,3,4,*46/H,gimenan01
133,Jose Godoy*,27,MIN,2,5,3,2,0,0,0,0,0,0,0,2,2,.000,.400,.000,.400,30,0,0,0,0,0,0,/2,godoyjo01
134,Marwin Gonzalez#,33,NYY,85,207,184,20,34,7,0,6,18,3,0,14,54,.185,.255,.321,.576,64,59,8,4,3,2,0,9673H5/4D1,gonzama01
135,Oscar Gonzalez,24,CLE,91,382,362,39,107,27,0,11,43,1,2,15,75,.296,.327,.461,.789,125,167,6,3,0,2,2,9/DH,gonzaos01
136,Romy Gonzalez,25,CHW,32,109,105,15,25,4,1,2,11,0,1,2,39,.238,.257,.352,.609,71,37,3,1,0,1,0,4/H697,gonzaro01
137,Niko Goodrum#,30,HOU,15,45,43,2,5,2,0,0,1,1,0,2,23,.116,.156,.163,.318,-9,7,0,0,0,0,0,4/3DH,goodrni01
138,Nick Gordon*,26,MIN,136,443,405,45,110,28,4,9,50,6,4,19,105,.272,.316,.427,.743,113,173,8,10,3,6,1,7846H/1D5,gordoni01
139,Phil Gosselin,33,LAA,22,53,51,2,5,0,1,0,2,0,0,1,18,.098,.132,.137,.269,-23,7,1,1,0,0,0,5/H3D1,gosseph01
140,Yasmani Grandal#,33,CHW,99,376,327,15,66,7,0,5,27,1,0,45,79,.202,.301,.269,.570,64,88,8,2,0,2,1,2D/3H,grandya01
141,Kendall Graveman,31,CHW,1,0,0,0,0,0,0,0,0,0,0,0,0,,,,,,0,0,0,0,0,0,1,graveke01
142,Riley Greene*,21,DET,93,418,376,46,95,18,4,5,42,1,4,36,120,.253,.321,.362,.682,99,136,8,3,0,3,0,8,greenri03
143,Justin Grimm,33,OAK,1,0,0,0,0,0,0,0,0,0,0,0,0,,,,,,0,0,0,0,0,0,1,grimmju01
144,Robbie Grossman#,32,DET,83,320,273,24,56,13,1,2,23,3,1,38,90,.205,.313,.282,.595,76,77,2,6,0,3,0,79/HD,grossro01
145,Vladimir Guerrero Jr.,23,TOR,160,706,638,90,175,35,0,32,97,8,3,58,116,.274,.339,.480,.818,132,306,26,6,0,4,6,*3D/H5,guerrvl02
146,Lourdes Gurriel Jr.,28,TOR,121,493,453,52,132,32,1,5,52,3,4,31,83,.291,.343,.400,.743,113,181,11,6,0,2,1,7D/3H,gurrilo01
147,Yuli Gurriel,38,HOU,146,584,545,53,132,40,0,8,53,8,0,30,73,.242,.288,.360,.647,84,196,13,6,0,3,0,*3/DH,gourryu01
148,Kelvin Gutierrez,27,BAL,12,33,28,2,4,1,0,0,3,1,0,4,8,.143,.250,.179,.429,25,5,1,0,0,0,0,5/HD,gutieke01
149,Ronald Guzman*,27,NYY,3,6,6,0,0,0,0,0,0,0,0,0,5,.000,.000,.000,.000,-100,0,1,0,0,0,0,/3,guzmaro01
150,Eric Haase,29,DET,110,351,323,41,82,17,1,14,44,0,0,24,97,.254,.305,.443,.748,115,143,9,1,0,3,1,2HD7,haaseer01
151,Sam Haggerty#,28,SEA,83,201,176,29,45,9,1,5,23,13,1,18,53,.256,.335,.403,.738,116,71,4,4,1,2,3,97H/D84,haggesa01
152,Billy Hamilton,31,MIN,17,8,7,4,0,0,0,0,0,3,1,1,4,.000,.125,.000,.125,-59,0,0,0,0,0,0,H/7D4,hamilbi02
153,Caleb Hamilton,27,MIN,22,23,18,5,1,0,0,1,1,0,0,4,14,.056,.227,.222,.449,31,4,0,0,1,0,0,2/H3D,hamilca01
154,Mitch Haniger,31,SEA,57,247,224,31,55,8,0,11,34,0,0,20,65,.246,.308,.429,.736,114,96,7,1,0,2,1,9D,hanigmi01
155,Josh Harrison,34,CHW,119,425,386,50,99,19,2,7,27,2,1,21,71,.256,.317,.370,.687,94,143,9,14,2,2,0,45/HD176,harrijo05
156,Monte Harrison,26,LAA,9,14,11,5,2,0,0,1,3,1,0,2,8,.182,.357,.455,.812,129,5,1,1,0,0,0,/78H,harrimo01
157,Adam Haseley*,26,CHW,14,25,21,4,5,0,0,0,2,0,0,3,7,.238,.333,.238,.571,66,5,0,0,1,0,0,/H978D,haselad01
158,Austin Hays,26,BAL,145,582,535,66,134,35,2,16,60,2,4,34,114,.250,.306,.413,.719,103,221,11,10,0,3,0,*79/8DH,haysau01
159,Austin Hedges,29,CLE,105,338,294,26,48,4,0,7,30,2,0,25,78,.163,.241,.248,.489,42,73,12,6,10,3,0,2,hedgeau01
160,Jonah Heim#,27,TEX,127,450,406,51,92,20,1,16,48,2,0,41,87,.227,.298,.399,.697,98,162,10,1,0,2,0,*2H/D,heimjo01
161,Tyler Heineman#,31,TOR,10,16,15,2,4,2,0,0,1,0,0,0,4,.267,.267,.400,.667,88,6,1,0,1,0,0,/2DH,heinety01
162,Gunnar Henderson*,21,BAL,34,132,116,12,30,7,1,4,18,1,1,16,34,.259,.348,.440,.788,123,51,1,0,0,0,1,5/6DH4,hendegu01
163,Liam Hendriks,33,CHW,1,0,0,0,0,0,0,0,0,0,0,0,0,,,,,,0,0,0,0,0,0,1,hendrli01
164,David Hensley,26,HOU,16,34,29,7,10,2,1,1,5,0,0,5,6,.345,.441,.586,1.027,191,17,3,0,0,0,0,/D45H67,henslda01
165,Carlos Hernandez,25,KCR,1,0,0,0,0,0,0,0,0,0,0,0,0,,,,,,0,0,0,0,0,0,1,hernaca04
166,Elier Hernandez,27,TEX,14,35,33,4,6,2,0,0,3,0,0,1,15,.182,.200,.242,.442,27,8,1,0,0,1,0,/7DH39,hernael02
167,Enrique Hernandez,30,BOS,93,402,361,48,80,24,0,6,45,0,2,34,71,.222,.291,.338,.629,75,122,11,3,0,4,0,846/H,hernaen02
168,Teoscar Hernandez,29,TOR,131,535,499,71,133,35,1,25,77,6,3,34,152,.267,.316,.491,.807,127,245,18,2,0,0,0,*9D/7H,hernate01
169,Brewer Hicklen,26,KCR,6,4,4,1,0,0,0,0,0,0,0,0,4,.000,.000,.000,.000,-100,0,0,0,0,0,0,/H798,hicklbr01
170,Aaron Hicks#,32,NYY,130,453,384,54,83,9,2,8,40,10,3,62,109,.216,.330,.313,.642,86,120,10,4,1,2,3,*87H/D,hicksaa01
171,Kyle Higashioka,32,NYY,83,248,229,27,52,7,0,10,31,0,1,12,52,.227,.264,.389,.653,84,89,5,1,2,4,0,2/HD,higasky01
172,Derek Hill,26,DET,31,92,83,8,19,2,0,1,3,3,0,5,28,.229,.270,.289,.559,64,24,0,0,3,1,0,8/H,hillde01
173,Eric Hosmer*,32,BOS,14,50,45,6,11,3,0,0,4,0,0,4,9,.244,.320,.311,.631,77,14,2,1,0,0,0,3,hosmeer01
174,Sam Huff,24,TEX,44,132,121,9,29,4,0,4,10,1,0,11,42,.240,.303,.372,.675,93,45,1,0,0,0,1,2/H3D,huffsa01
175,Andy Ibáñez,29,TEX,40,128,119,13,26,4,0,1,9,3,0,9,21,.218,.273,.277,.551,59,33,0,0,0,0,0,5/D34H,ibanean01
176,Kyle Isbel*,25,KCR,106,278,256,32,54,10,4,5,28,9,6,16,75,.211,.264,.340,.603,70,87,5,3,1,2,0,987H/D,isbelky01
177,Drew Jackson,28,OAK,3,3,3,0,0,0,0,0,0,0,0,0,1,.000,.000,.000,.000,-100,0,0,0,0,0,0,/957H,jacksdr01
178,Travis Jankowski*,31,SEA,1,1,1,0,0,0,0,0,0,0,0,0,1,.000,.000,.000,.000,-100,0,0,0,0,0,0,/8,jankotr01
179,Danny Jansen,27,TOR,72,248,215,34,56,10,0,15,44,1,0,25,44,.260,.339,.516,.855,141,111,1,3,0,5,1,2/HD,janseda01
180,Ryan Jeffers,25,MIN,67,236,212,25,44,10,1,7,27,0,0,23,62,.208,.285,.363,.648,86,77,6,0,1,0,0,2/DH,jeffery01
181,Eloy Jiménez,25,CHW,84,327,292,40,86,12,0,16,54,0,0,28,72,.295,.358,.500,.858,140,146,8,3,0,4,0,D7/H,jimenel02
182,Nolan Jones*,24,CLE,28,94,86,10,21,5,0,2,13,0,0,8,31,.244,.309,.372,.681,96,32,2,0,0,0,1,9/DH,jonesno01
183,Taylor Jones,28,HOU,1,1,1,0,0,0,0,0,0,0,0,0,0,.000,.000,.000,.000,-100,0,0,0,0,0,0,/H,jonesta01
184,Aaron Judge,30,NYY,157,696,570,133,177,28,0,62,131,16,3,111,175,.311,.425,.686,1.111,211,391,14,6,0,5,19,*89D/H,judgeaa01
185,Josh Jung,24,TEX,26,102,98,9,20,4,1,5,14,2,0,4,39,.204,.235,.418,.654,83,41,2,0,0,0,0,5/D,jungjo01
186,James Kaprielian,28,OAK,1,0,0,0,0,0,0,0,0,0,0,0,0,,,,,,0,0,0,0,0,0,1/DH,kaprija01
187,Gosuke Katoh*,27,TOR,8,11,7,2,1,1,0,0,0,0,0,3,1,.143,.400,.286,.686,102,2,0,0,1,0,0,/3H4D,katohgo01
188,Jarred Kelenic*,22,SEA,54,181,163,20,23,5,1,7,17,5,2,16,61,.141,.221,.313,.534,55,51,3,1,0,1,0,89/H7D,kelenja01
189,Tony Kemp*,30,OAK,147,558,497,61,117,24,2,7,46,11,1,45,69,.235,.307,.334,.641,88,166,5,8,5,3,0,47H/D,kempto01
190,Max Kepler*,29,MIN,115,446,388,54,88,18,1,9,43,3,2,49,66,.227,.318,.348,.666,93,135,7,5,0,4,1,*9/H8D,keplema01
191,Kevin Kiermaier*,32,TBR,63,221,206,28,47,8,0,7,22,6,1,14,61,.228,.281,.369,.649,89,76,2,1,0,0,0,8/DH,kiermke01
192,Isiah Kiner-Falefa,27,NYY,142,531,483,66,126,20,0,4,48,22,4,35,72,.261,.314,.327,.642,84,158,13,5,3,5,2,*6/5H,kineris01
193,Alex Kirilloff*,24,MIN,45,156,144,14,36,7,0,3,21,0,0,5,36,.250,.290,.361,.651,88,52,5,4,0,2,0,73/9DH,kirilal01
194,Alejandro Kirk,23,TOR,139,541,470,59,134,19,0,14,63,0,0,63,58,.285,.372,.415,.786,126,195,11,4,0,4,2,2DH,kirkal01
195,Andrew Knapp#,30,SEA,2,4,4,0,0,0,0,0,0,0,0,0,3,.000,.000,.000,.000,-100,0,0,0,0,0,0,/2,knappan01
196,Joey Krehbiel,29,BAL,1,0,0,0,0,0,0,0,0,0,0,0,0,,,,,,0,0,0,0,0,0,1,krehbjo01
197,Ryan Kreidler,24,DET,26,84,73,8,13,1,0,1,6,0,1,6,22,.178,.244,.233,.477,41,17,0,1,2,2,0,56/H48,kreidry01
198,Steven Kwan*,24,CLE,147,638,563,89,168,25,7,6,52,19,5,62,60,.298,.373,.400,.772,124,225,9,7,2,4,2,*79/8HD,kwanst01
199,Juan Lagares,33,LAA,20,62,60,4,11,2,1,0,0,0,0,2,15,.183,.210,.250,.460,30,15,0,0,0,0,0,/987H,lagarju01
200,Jake Lamb*,31,SEA,16,34,30,3,5,1,0,1,2,0,0,3,14,.167,.265,.300,.565,66,9,0,1,0,0,0,/975H3D,lambja01
201,Jimmy Lambert,27,CHW,1,0,0,0,0,0,0,0,0,0,0,0,0,,,,,,0,0,0,0,0,0,1,lambeji01
202,Shea Langeliers,24,OAK,40,153,142,14,31,10,1,6,22,0,0,9,53,.218,.261,.430,.691,98,61,4,0,0,2,0,D2,langesh01
203,Trevor Larnach*,25,MIN,51,180,160,22,37,13,0,5,18,0,0,18,57,.231,.306,.406,.712,104,65,1,0,0,2,1,79/DH,larnatr01
204,Jack Larsen*,27,SEA,1,1,1,0,0,0,0,0,0,0,0,0,1,.000,.000,.000,.000,-100,0,0,0,0,0,0,/9,larseja01
205,Ramon Laureano,27,OAK,94,383,346,49,73,18,0,13,34,11,6,25,104,.211,.287,.376,.663,92,130,6,12,0,0,0,98/DH,laurera01
206,Bryan Lavastida,23,CLE,6,15,12,0,1,0,0,0,0,0,0,3,4,.083,.267,.083,.350,8,1,0,0,0,0,0,/2,lavasbr01
207,Korey Lee,23,HOU,12,26,25,1,4,2,0,0,4,0,0,1,9,.160,.192,.240,.432,23,6,1,0,0,0,0,2/H,leeko01
208,DJ LeMahieu,33,NYY,125,541,467,74,122,18,0,12,46,4,3,67,71,.261,.357,.377,.734,111,176,12,4,1,2,0,543/HD,lemahdj01
209,Sandy Leon#,33,TOT,33,86,71,6,12,3,0,0,4,0,0,13,27,.169,.298,.211,.509,51,15,2,0,2,0,0,2/1,leonsa01
210,Josh Lester*,27,DET,2,5,5,0,0,0,0,0,0,0,0,0,3,.000,.000,.000,.000,-100,0,0,0,0,0,0,/5DH,lestejo02
211,Kyle Lewis,26,SEA,18,62,56,6,8,0,0,3,5,0,0,5,19,.143,.226,.304,.529,54,17,2,1,0,0,0,D/H97,lewisky01
212,Royce Lewis,23,MIN,12,41,40,5,12,4,0,2,5,0,0,1,5,.300,.317,.550,.867,145,22,2,0,0,0,0,6/8,lewisro02
213,Jonathan Loaisiga,27,NYY,1,0,0,0,0,0,0,0,0,0,0,0,0,,,,,,0,0,0,0,0,0,1,loaisjo01
214,Tim Locastro,29,NYY,38,46,43,13,8,1,0,2,4,8,2,2,7,.186,.239,.349,.588,66,15,0,1,0,0,0,H7/89D,locasti01
215,Christian Lopes,29,OAK,4,10,9,0,0,0,0,0,0,0,0,1,5,.000,.100,.000,.100,-67,0,0,0,0,0,0,/4HD79,lopesch01
216,Jorge Lopez,29,TOT,4,0,0,0,0,0,0,0,0,0,0,0,0,,,,,,0,0,0,0,0,0,1,lopezjo02
217,Nicky Lopez*,27,KCR,141,480,436,51,99,12,4,0,20,13,3,29,63,.227,.281,.273,.554,58,119,8,4,10,1,0,465H/D1,lopezni01
218,Otto Lopez,23,TOR,8,10,9,0,6,0,0,0,3,0,1,1,1,.667,.700,.667,1.367,296,6,0,0,0,0,0,/6H48D,lopezot01
219,Reynaldo Lopez,28,CHW,1,0,0,0,0,0,0,0,0,0,0,0,0,,,,,,0,0,0,0,0,0,1,lopezre01
220,Brandon Lowe*,27,TBR,65,266,235,31,52,10,2,8,25,1,0,27,61,.221,.308,.383,.691,102,90,1,3,0,1,0,4D/H9,lowebr01
221,Josh Lowe*,24,TBR,52,198,181,24,40,12,2,2,13,3,0,15,66,.221,.284,.343,.627,83,62,1,1,1,0,1,97/8DH,lowejo01
222,Nathaniel Lowe*,26,TEX,157,645,593,74,179,26,3,27,76,2,2,48,147,.302,.358,.492,.851,141,292,10,4,0,0,2,*3/DH,lowena01
223,Jed Lowrie#,38,OAK,50,184,167,14,30,5,0,3,16,1,0,15,39,.180,.245,.263,.508,49,44,5,0,0,2,0,D/H34,lowrije01
224,Daniel Lynch*,25,KCR,1,0,0,0,0,0,0,0,0,0,0,0,0,,,,,,0,0,0,0,0,0,1,lynchda02
225,Vimael Machin*,28,OAK,73,253,223,26,49,12,0,1,13,1,1,25,47,.220,.300,.287,.587,73,64,6,2,0,3,0,5H/4D6,machivi01
226,David MacKinnon,27,TOT,22,57,50,2,7,0,0,0,6,0,0,6,17,.140,.228,.140,.368,9,7,2,0,0,1,0,3/H5,mackida01
227,Luke Maile,31,CLE,76,206,181,19,40,10,0,3,17,0,0,19,54,.221,.301,.326,.627,82,59,6,3,0,3,0,2,mailelu01
228,Martin Maldonado,35,HOU,113,379,344,40,64,12,0,15,45,0,0,22,116,.186,.248,.352,.600,69,121,6,7,4,2,0,*2,maldoma01
229,Trey Mancini,30,TOT,143,587,519,56,124,23,1,18,63,0,0,53,135,.239,.319,.391,.710,101,203,12,10,0,5,2,D379/H,mancitr01
230,Manuel Margot,27,TBR,89,363,336,36,92,18,2,4,47,7,3,24,68,.274,.325,.375,.700,105,126,7,2,0,1,1,98D/7H,margoma01
231,Brandon Marsh*,24,LAA,93,323,292,34,66,9,2,8,37,8,2,22,117,.226,.284,.353,.637,80,103,2,3,3,3,1,78/H9,marshbr02
232,Brett Martin*,27,TEX,1,0,0,0,0,0,0,0,0,0,0,0,0,,,,,,0,0,0,0,0,0,1,martibr01
233,Richie Martin,27,BAL,13,33,30,4,5,0,2,0,3,3,1,3,10,.167,.242,.300,.542,54,9,0,0,0,0,0,4/H6D,martiri01
234,J.D. Martinez,34,BOS,139,596,533,76,146,43,1,16,62,0,0,52,145,.274,.341,.448,.790,117,239,20,5,0,5,1,*D,martijd02
235,Michael Massey*,24,KCR,52,194,173,16,42,9,1,4,17,3,0,9,46,.243,.307,.376,.683,93,65,1,8,2,2,0,4/HD5,massemi02
236,Miles Mastrobuoni*,26,TBR,8,17,16,1,3,0,0,0,0,1,0,1,6,.188,.235,.188,.423,27,3,0,0,0,0,0,/49H,mastrmi01
237,Jorge Mateo,27,BAL,150,533,494,63,109,25,7,13,50,35,9,27,147,.221,.267,.379,.646,81,187,8,5,3,2,0,*6/H,mateojo01
238,Mark Mathias,27,TEX,24,74,65,11,18,3,0,5,16,2,0,9,26,.277,.365,.554,.919,159,36,0,0,0,0,0,D/H3579,mathima01
239,J.J. Matijevic*,26,HOU,32,71,67,7,14,2,0,2,5,1,0,2,25,.209,.254,.328,.582,65,22,1,2,0,0,0,HD3/7,matijjj01
240,Jack Mayfield,31,LAA,23,74,70,8,13,1,1,1,6,1,0,3,17,.186,.230,.271,.501,42,19,1,1,0,0,0,4/5H97D1,mayfija01
241,Chas McCormick,27,HOU,119,407,359,47,88,12,2,14,44,4,3,46,106,.245,.332,.407,.738,110,146,5,1,0,1,0,*789/HD,mccorch01
242,Mickey McDonald#,27,OAK,4,6,4,0,0,0,0,0,0,0,0,2,3,.000,.333,.000,.333,10,0,0,0,0,0,0,/H8D9,mcdonmi01
243,Reese McGuire*,27,TOT,89,274,249,25,67,14,1,3,22,1,0,12,56,.269,.307,.369,.677,90,92,6,3,6,3,0,2H/D1,mcguire01
244,Ryan McKenna,25,BAL,104,172,156,23,37,10,0,2,11,2,1,11,55,.237,.294,.340,.634,80,53,3,2,2,1,1,7H98/D1,mckenry01
245,Billy McKinney*,27,OAK,23,57,52,3,5,1,0,1,4,0,0,4,16,.096,.158,.173,.331,-3,9,0,0,0,1,1,9/3H7D,mckinbi01
246,Austin Meadows*,27,DET,36,147,128,9,32,6,2,0,11,0,1,16,17,.250,.347,.328,.675,99,42,2,3,0,0,0,97/DH,meadoau01
247,Francisco Mejia#,26,TBR,93,299,289,32,70,22,0,6,31,0,0,7,65,.242,.264,.381,.645,87,110,6,2,0,1,0,2H/D3,mejiafr01
248,MJ Melendez*,23,KCR,129,534,460,57,100,21,3,18,62,2,3,66,131,.217,.313,.393,.706,99,181,2,1,0,7,1,2D79/H,melenmj01
249,Danny Mendick,28,CHW,31,106,97,22,28,4,1,3,15,1,0,7,23,.289,.343,.443,.786,121,43,2,1,1,0,0,6/457H,mendida01
250,Oscar Mercado,27,CLE,54,127,120,17,25,6,1,4,16,2,2,5,28,.208,.244,.375,.619,76,45,4,1,0,1,0,97H/8D,mercaos01
251,Whit Merrifield,33,TOT,139,550,504,70,126,28,1,11,58,16,5,38,85,.250,.298,.375,.673,90,189,11,0,0,8,0,498/HD731,merriwh01
252,Jake Meyers,26,HOU,52,160,150,13,34,6,2,1,15,2,1,7,54,.227,.269,.313,.582,66,47,1,2,0,1,0,8/HD,meyerja02
253,Brad Miller*,32,TEX,81,241,222,20,47,3,0,7,32,4,2,18,70,.212,.270,.320,.590,69,71,3,0,0,1,0,75DH/9,millebr02
254,Owen Miller,25,CLE,130,472,424,53,103,26,1,6,51,2,0,32,93,.243,.301,.351,.652,89,149,8,7,0,9,1,34DH/5,milleow01
255,Wyatt Mills,27,TOT,1,0,0,0,0,0,0,0,0,0,0,0,0,,,,,,0,0,0,0,0,0,1,millswy01
256,Jose Miranda,24,MIN,125,483,444,45,119,25,0,15,66,1,1,28,91,.268,.325,.426,.751,116,189,19,10,0,1,0,35D/H,miranjo01
257,Yoan Moncada#,27,CHW,104,433,397,41,84,18,1,12,51,2,0,32,114,.212,.273,.353,.626,76,140,5,2,1,1,2,5/H,moncayo01
258,Adalberto Mondesí#,26,KCR,15,54,50,3,7,0,0,0,3,5,0,4,20,.140,.204,.140,.344,0,7,2,0,0,0,0,6,mondera02
259,Nate Mondou*,27,OAK,1,3,2,0,0,0,0,0,0,0,0,1,1,.000,.333,.000,.333,10,0,0,0,0,0,0,/4,mondona01
260,Mickey Moniak*,24,LAA,19,62,60,9,12,2,1,3,6,1,0,1,25,.200,.226,.417,.642,78,25,0,1,0,0,0,7/8H9,moniami01
261,Dylan Moore,29,SEA,104,255,205,41,46,11,2,6,24,21,8,34,75,.224,.368,.385,.753,122,79,5,13,1,1,2,9H674/38D5,mooredy01
262,Gabriel Moreno,22,TOR,25,73,69,10,22,1,0,1,7,0,0,4,8,.319,.356,.377,.733,111,26,2,0,0,0,0,2/HD457,morenga01
263,Ryan Mountcastle,25,BAL,145,609,555,62,139,28,1,22,85,4,1,43,154,.250,.305,.423,.729,105,235,12,4,0,7,1,*3D/H,mountry01
264,Cedric Mullins*,27,BAL,156,672,608,89,157,32,4,16,64,34,10,47,126,.258,.318,.403,.721,104,245,4,9,1,5,2,*8/HD,mullice01
265,Penn Murfee,28,SEA,1,0,0,0,0,0,0,0,0,0,0,0,0,,,,,,0,0,0,0,0,0,1,murfepe01
266,Sean Murphy,27,OAK,148,612,537,67,134,37,2,18,66,1,0,56,124,.250,.332,.426,.759,120,229,14,13,0,5,2,*2D/H,murphse01
267,Tom Murphy,31,SEA,14,42,33,9,10,2,0,1,1,0,0,8,13,.303,.439,.455,.894,164,15,1,0,0,0,0,2/HD,murphto04
268,Bo Naylor*,22,CLE,5,8,8,0,0,0,0,0,0,0,0,0,5,.000,.000,.000,.000,-100,0,0,0,0,0,0,/2D,naylobo01
269,Josh Naylor*,25,CLE,122,498,449,47,115,28,0,20,79,6,1,38,80,.256,.319,.452,.771,121,203,13,6,0,5,4,3D/H9,naylojo01
270,Sheldon Neuse,27,OAK,89,293,271,25,58,4,2,4,26,6,1,20,80,.214,.273,.288,.561,65,78,5,2,0,0,0,543HD/16,neusesh01
271,Tyler Nevin,25,BAL,58,184,157,17,31,4,0,2,16,0,0,20,46,.197,.299,.261,.560,62,41,4,4,0,3,0,5/3D79,nevinty01
272,Ryan O'Hearn*,28,KCR,67,145,134,14,32,6,1,1,16,0,0,8,35,.239,.290,.321,.611,73,43,2,2,0,1,0,HD39,ohearry01
273,Logan O'Hoppe,22,LAA,5,16,14,1,4,0,0,0,2,0,0,2,3,.286,.375,.286,.661,93,4,0,0,0,0,0,/2,ohopplo01
274,Brian O'Keefe,28,SEA,2,4,3,0,1,0,0,0,0,0,0,1,2,.333,.500,.333,.833,152,1,0,0,0,0,0,/2D,okeefbr01
275,Rougned Odor*,28,BAL,135,472,426,49,88,19,3,13,53,6,1,32,109,.207,.275,.357,.632,79,152,9,10,0,4,1,*4H/5D,odorro01
276,Shohei Ohtani*,27,LAA,157,666,586,90,160,30,6,34,95,11,9,72,161,.273,.356,.519,.875,145,304,6,5,0,3,14,*D1/H,ohtansh01
277,Edward Olivares,26,KCR,53,174,161,24,46,8,0,4,15,2,3,10,36,.286,.333,.410,.743,110,66,1,2,0,1,0,97H/D8,olivaed02
278,Chris Owings,30,BAL,26,68,56,6,6,2,0,0,0,1,0,10,24,.107,.254,.143,.397,17,8,3,1,1,0,0,4/6H571,owingch01
279,Cristian Pache,23,OAK,91,260,241,18,40,5,2,3,18,2,2,15,70,.166,.218,.241,.459,34,58,5,1,3,0,0,8/H,pachecr01
280,Kevin Padlo,25,SEA,6,11,10,0,2,1,0,0,3,0,0,1,5,.200,.273,.300,.573,68,3,0,0,0,0,0,/3H,padloke01
281,Jermaine Palacios,25,MIN,30,77,70,8,10,0,0,2,6,0,0,4,27,.143,.184,.229,.413,19,16,2,0,1,2,0,64/H135,palacje01
282,Richie Palacios*,25,CLE,54,123,112,7,26,6,0,0,10,2,0,9,20,.232,.293,.286,.578,69,32,2,1,0,1,1,7HD/4,palacri01
283,Isaac Paredes,23,TBR,111,381,331,48,68,16,0,20,45,0,1,44,67,.205,.304,.435,.740,114,144,12,4,0,2,0,543H/6,paredis01
284,Vinnie Pasquantino*,24,KCR,72,298,258,25,76,10,0,10,26,1,0,35,34,.295,.383,.450,.832,135,116,5,3,0,2,1,3D,pasquvi01
285,Joel Payamps,28,TOT,2,0,0,0,0,0,0,0,0,0,0,0,0,,,,,,0,0,0,0,0,0,1,payamjo01
286,Mark Payton*,30,CHW,8,25,21,3,3,0,0,0,1,0,0,4,4,.143,.280,.143,.423,25,3,0,0,0,0,0,/798H,paytoma01
287,Jeremy Pena,24,HOU,136,558,521,72,132,20,2,22,63,11,2,22,135,.253,.289,.426,.715,101,222,5,6,1,5,0,*6/H,penaje02
288,David Peralta*,34,TBR,47,180,161,10,41,11,1,0,18,0,1,14,40,.255,.317,.335,.652,92,54,2,2,0,3,1,7/DH,peralda01
289,Oswald Peraza,22,NYY,18,57,49,8,15,3,0,1,2,2,0,6,9,.306,.404,.429,.832,139,21,3,2,0,0,0,6/4H,perazos02
290,Carlos Perez,25,CHW,7,18,18,0,4,2,0,0,2,0,0,0,2,.222,.222,.333,.556,55,6,1,0,0,0,0,/2H,perezca03
291,Cionel Pérez,26,BAL,2,0,0,0,0,0,0,0,0,0,0,0,0,,,,,,0,0,0,0,0,0,1,perezci01
292,Joe Perez,22,HOU,1,1,1,0,0,0,0,0,0,0,0,0,1,.000,.000,.000,.000,-100,0,0,0,0,0,0,/5H,perezjo02
293,Salvador Perez,32,KCR,114,473,445,48,113,23,1,23,76,0,0,18,109,.254,.292,.465,.757,110,207,9,7,0,3,2,2D,perezsa02
294,Tommy Pham,34,BOS,53,235,214,32,50,12,0,6,24,1,1,14,67,.234,.298,.374,.672,86,80,7,6,0,1,0,7/D,phamth01
295,Brett Phillips*,28,TOT,83,225,201,22,29,6,0,5,15,7,0,16,94,.144,.217,.249,.466,36,50,0,3,4,1,0,89H/71D,phillbr02
296,Chad Pinder,30,OAK,111,379,361,38,85,18,0,12,42,2,0,14,118,.235,.263,.385,.648,86,139,10,0,1,2,0,79HD/5341,pindech01
297,Rene Pinto,25,TBR,25,83,80,5,17,3,0,2,10,0,0,2,35,.213,.241,.325,.566,64,26,3,1,0,0,0,2,pintore02
298,Stephen Piscotty,31,OAK,42,139,126,12,24,4,0,5,14,2,0,9,48,.190,.252,.341,.593,71,43,2,2,0,2,1,9/D7H,piscost01
299,Kevin Plawecki,31,TOT,63,186,168,15,37,8,0,1,13,0,0,14,32,.220,.286,.286,.572,61,48,6,2,1,1,0,2/H1,plaweke01
300,Jorge Polanco#,28,MIN,104,445,375,54,88,16,0,16,56,3,3,64,95,.235,.346,.405,.751,117,152,4,2,0,4,1,4/6DH,polanjo01
301,AJ Pollock,34,CHW,138,527,489,61,120,26,1,14,56,3,1,32,98,.245,.292,.389,.681,91,190,13,2,0,4,0,*789/H,polloaj01
302,Nick Pratto*,23,KCR,49,182,158,18,29,9,1,7,20,0,0,19,66,.184,.271,.386,.657,84,61,6,1,1,3,0,3/7H9,prattni01
303,Roman Quinn#,29,TBR,21,47,42,7,11,2,2,0,4,0,2,4,21,.262,.340,.405,.745,118,17,0,1,0,0,0,/87H9,quinnro01
304,Cal Raleigh#,25,SEA,119,415,370,46,78,20,1,27,63,1,0,38,122,.211,.284,.489,.774,122,181,5,2,0,5,0,*2H/D,raleica01
305,Luke Raley*,27,TBR,22,72,61,7,12,2,0,1,4,0,0,7,24,.197,.306,.279,.584,74,17,1,3,0,1,0,/97D3H,raleylu01
306,Harold Ramirez,27,TBR,120,435,403,46,121,24,0,6,58,3,5,19,72,.300,.343,.404,.747,119,163,5,9,0,4,1,D39H/7,ramirha02
307,Jose Ramirez#,29,CLE,157,685,601,90,168,44,5,29,126,20,7,69,82,.280,.355,.514,.869,148,309,5,6,0,9,20,*5D,ramirjo01
308,Jake Reed,29,BAL,1,0,0,0,0,0,0,0,0,0,0,0,0,,,,,,0,0,0,0,0,0,/1,reedja02
309,Rob Refsnyder,31,BOS,57,177,153,25,47,11,0,6,21,1,1,15,46,.307,.384,.497,.881,143,76,1,6,0,3,0,9H8/D7,refsnro01
310,Zach Reks*,28,TEX,16,34,34,3,9,1,0,0,3,0,1,0,10,.265,.265,.294,.559,61,10,0,0,0,0,0,7/H9,reksza01
311,Anthony Rendon,32,LAA,47,193,166,15,38,10,0,5,24,2,0,23,35,.229,.326,.380,.706,101,63,7,2,0,2,0,5/H,rendoan01
312,Luis Rengifo#,25,LAA,127,511,489,45,129,22,4,17,52,6,2,17,79,.264,.294,.429,.724,103,210,11,4,1,0,0,456/H97,rengilu01
313,Franmil Reyes,26,CLE,70,280,263,24,56,9,0,9,28,2,0,14,104,.213,.254,.350,.603,73,92,8,1,0,2,0,D9/H7,reyesfr01
314,Victor Reyes#,27,DET,92,336,315,27,80,19,3,3,34,2,2,13,77,.254,.289,.362,.651,89,114,7,4,0,4,0,97H/8D,reyesvi01
315,Emmanuel Rivera,26,KCR,63,211,198,24,47,8,3,6,22,0,0,11,46,.237,.284,.399,.683,91,79,7,2,0,0,0,5/HD3,riverem01
316,Sebastian Rivero,23,KCR,17,29,26,2,4,0,0,0,1,0,0,2,10,.154,.214,.154,.368,7,4,0,0,1,0,0,2/H,riverse01
317,Anthony Rizzo*,32,NYY,130,548,465,77,104,21,1,32,75,6,5,58,101,.224,.338,.480,.817,131,223,13,23,0,2,6,*3/DH,rizzoan01
318,Luis Robert,24,CHW,98,401,380,54,108,18,0,12,56,11,3,17,77,.284,.319,.426,.746,109,162,6,3,0,1,1,8/HD,roberlu01
319,Julio Rodriguez,21,SEA,132,560,511,84,145,25,3,28,75,25,7,40,145,.284,.345,.509,.853,147,260,7,8,0,1,4,*8/DH,rodriju01
320,Jose Rojas*,29,LAA,22,57,56,1,7,2,0,0,1,0,0,0,19,.125,.140,.161,.301,-14,9,1,1,0,0,0,5/H97,rojasjo02
321,Austin Romine,33,LAA,3,9,8,0,2,0,0,0,0,0,0,0,3,.250,.250,.250,.500,43,2,0,0,1,0,0,/2,rominau01
322,Brent Rooker,27,KCR,14,29,25,1,4,1,0,0,2,0,0,3,7,.160,.276,.200,.476,38,5,2,1,0,0,0,/H7D9,rookebr01
323,Amed Rosario,26,CLE,153,670,637,86,180,26,9,11,71,18,4,25,111,.283,.312,.403,.715,106,257,19,4,0,4,0,*6/D7H,rosaram01
324,Adley Rutschman#,24,BAL,113,470,398,70,101,35,1,13,42,4,0,65,86,.254,.362,.445,.806,128,177,4,4,0,3,0,2D/H,rutscad01
325,Gary Sanchez,29,MIN,128,471,419,42,86,24,0,16,61,2,0,40,136,.205,.282,.377,.659,89,158,12,7,0,5,0,2DH/3,sanchga02
326,Yolmer Sanchez#,30,BOS,14,44,37,1,4,0,0,0,2,0,2,5,13,.108,.214,.108,.322,-6,4,0,0,2,0,0,4/1,sanchca01
327,Miguel Sano,29,MIN,20,71,60,1,5,0,0,1,3,1,0,9,25,.083,.211,.133,.345,3,8,0,1,0,1,0,3/D,sanomi01
328,Carlos Santana#,36,TOT,131,506,431,52,87,18,0,19,60,0,0,71,88,.202,.316,.376,.692,100,162,9,2,0,2,2,3D/H9,santaca01
329,Anthony Santander#,27,BAL,152,647,574,78,138,24,0,33,89,0,2,55,122,.240,.318,.455,.773,117,261,14,13,0,5,1,*97D/H,santaan02
330,Clarke Schmidt,26,NYY,1,0,0,0,0,0,0,0,0,0,0,0,0,,,,,,0,0,0,0,0,0,1,schmicl01
331,Jonathan Schoop,30,DET,131,510,481,48,97,23,1,11,38,5,0,19,107,.202,.239,.322,.561,62,155,15,6,0,4,1,*4/3HD,schoojo01
332,Corey Seager*,28,TEX,151,663,593,91,145,24,1,33,83,3,0,58,103,.245,.317,.455,.772,119,270,14,7,0,5,7,*6/D,seageco01
333,Marcus Semien,31,TEX,161,724,657,101,163,31,5,26,83,25,8,53,120,.248,.304,.429,.733,108,282,7,4,0,10,0,*46,semiema01
334,Anderson Severino*,27,CHW,1,0,0,0,0,0,0,0,0,0,0,0,0,,,,,,0,0,0,0,0,0,/1,severan01
335,Paul Sewald,32,SEA,3,0,0,0,0,0,0,0,0,0,0,0,0,,,,,,0,0,0,0,0,0,1,sewalpa01
336,Bryan Shaw#,34,CLE,1,0,0,0,0,0,0,0,0,0,0,0,0,,,,,,0,0,0,0,0,0,1,shawbr01
337,Travis Shaw*,32,BOS,7,19,19,0,0,0,0,0,0,0,0,0,7,.000,.000,.000,.000,-100,0,0,0,0,0,0,/3DH,shawtr01
338,Gavin Sheets*,26,CHW,124,410,377,34,91,19,0,15,53,0,0,27,86,.241,.295,.411,.706,98,155,9,3,0,3,0,9HD3/7,sheetga01
339,Zack Short,27,DET,6,13,9,2,0,0,0,0,2,1,0,2,5,.000,.154,.000,.154,-49,0,0,0,0,2,0,/64DH,shortza01
340,Magneuris Sierra*,26,LAA,45,96,91,7,15,1,3,0,5,6,1,4,25,.165,.200,.242,.442,25,22,0,0,1,0,0,87/H9,sierrma01
341,Jose Siri,26,TOT,104,325,301,53,64,13,2,7,24,14,2,20,108,.213,.268,.339,.607,75,102,3,3,0,1,0,8/H9D7,sirijo01
342,Josh Smith*,24,TEX,73,253,213,23,42,5,0,2,16,4,3,28,50,.197,.307,.249,.556,63,53,1,7,2,3,0,57H/D64,smithjo11
343,Kevin Smith,25,OAK,47,151,139,9,25,9,1,2,13,4,0,7,42,.180,.216,.302,.518,50,42,5,0,3,2,0,56/H,smithke05
344,Collin Snider,26,KCR,2,0,0,0,0,0,0,0,0,0,0,0,0,,,,,,0,0,0,0,0,0,1,snideco01
345,Nick Solak,27,TEX,35,95,82,14,17,1,0,3,4,3,2,7,19,.207,.309,.329,.638,84,27,1,5,1,0,0,7D/H4,solakni01
346,Lenyn Sosa,22,CHW,11,36,35,3,4,1,0,1,1,0,0,1,12,.114,.139,.229,.367,2,8,2,0,0,0,0,/46DH,sosale01
347,Livan Soto*,22,LAA,18,59,55,9,22,5,1,1,9,1,1,2,13,.400,.414,.582,.996,180,32,1,0,1,1,0,6/5H,sotoli01
348,Steven Souza Jr.,33,SEA,6,19,19,0,3,0,0,0,1,0,0,0,8,.158,.158,.158,.316,-7,3,2,0,0,0,0,/9D,souzast01
349,George Springer,32,TOR,133,583,513,89,137,22,4,25,76,14,2,54,100,.267,.342,.472,.814,131,242,7,7,0,5,1,8D9/H,springe01
350,Giancarlo Stanton,32,NYY,110,452,398,53,84,7,0,31,78,0,0,50,137,.211,.297,.462,.759,113,184,8,0,0,3,2,D9/H7,stantmi03
351,Max Stassi,31,LAA,102,375,333,32,60,12,1,9,30,0,0,38,112,.180,.267,.303,.571,62,101,12,2,1,1,0,2/HD,stassma01
352,Josh Staumont,28,KCR,2,0,0,0,0,0,0,0,0,0,0,0,0,,,,,,0,0,0,0,0,0,1,staumjo01
353,Drew Steckenrider,31,SEA,1,0,0,0,0,0,0,0,0,0,0,0,0,,,,,,0,0,0,0,0,0,1,steckdr01
354,Michael Stefanic,26,LAA,25,69,61,5,12,2,0,0,0,0,0,5,12,.197,.279,.230,.509,48,14,1,2,1,0,0,4/H,stefami01
355,Cal Stevenson*,25,OAK,23,71,60,5,10,3,0,0,1,1,1,8,23,.167,.261,.217,.478,42,13,1,0,2,1,0,8/H97,steveca01
356,DJ Stewart*,28,BAL,3,3,3,0,0,0,0,0,0,0,0,0,2,.000,.000,.000,.000,-100,0,0,0,0,0,0,/H,stewadj01
357,Trevor Story,29,BOS,94,396,357,53,85,22,0,16,66,13,0,32,122,.238,.303,.434,.737,102,155,9,3,0,4,4,4/H,storytr01
358,Kyle Stowers*,24,BAL,34,98,91,11,23,4,1,3,11,0,0,5,29,.253,.306,.418,.724,104,38,3,2,0,0,0,79/HD,stoweky01
359,Myles Straw,27,CLE,152,596,535,72,118,22,3,0,32,21,1,54,87,.221,.291,.273,.564,65,146,4,1,2,4,0,*8/H,strawmy01
360,Eugenio Suarez,30,SEA,150,629,543,76,128,24,2,31,87,0,0,73,196,.236,.332,.459,.791,129,249,12,8,0,5,0,*5D/H,suareeu01
361,Kurt Suzuki,38,LAA,51,159,139,10,25,4,0,4,15,0,0,15,29,.180,.266,.295,.561,60,41,3,2,1,2,0,2/HD3,suzukku01
362,Raimel Tapia*,28,TOR,128,433,411,47,109,20,3,7,52,8,2,16,81,.265,.292,.380,.672,91,156,12,0,3,1,0,*789H/D,tapiara01
363,Dillon Tate,28,BAL,2,0,0,0,0,0,0,0,0,0,0,0,0,,,,,,0,0,0,0,0,0,1,tatedi01
364,Leody Taveras#,23,TEX,99,341,314,39,82,14,2,5,34,11,5,21,88,.261,.309,.366,.675,93,115,2,2,1,3,0,8/HD,taverle01
365,Michael A. Taylor,31,KCR,124,456,414,49,105,10,3,9,43,4,2,35,109,.254,.313,.357,.670,90,148,6,2,2,3,0,*8/HD1,taylomi02
366,Matt Thaiss*,27,LAA,29,81,69,9,15,1,0,2,8,1,0,11,24,.217,.321,.319,.640,84,22,2,0,0,1,1,23/H5,thaisma01
367,Caleb Thielbar,35,MIN,2,0,0,0,0,0,0,0,0,0,0,0,0,,,,,,0,0,0,0,0,0,1,thielca01
368,Cody Thomas*,27,OAK,10,32,30,1,8,0,0,0,0,0,0,2,12,.267,.313,.267,.579,72,8,0,0,0,0,0,7,thomaco01
369,Dillon Thomas*,29,LAA,8,14,11,1,1,0,0,0,0,0,0,2,6,.091,.286,.091,.377,15,1,0,1,0,0,0,/79H,thomadi01
370,Bubba Thompson,24,TEX,55,181,170,18,45,5,0,1,9,18,3,7,56,.265,.302,.312,.613,77,53,2,2,2,0,0,79/8HD,thompbu01
371,Spencer Torkelson,22,DET,110,404,360,38,73,16,1,8,28,0,1,37,99,.203,.285,.319,.604,77,115,12,5,0,2,0,*3/H,torkesp01
372,Abraham Toro#,25,SEA,109,352,324,36,60,13,1,10,35,2,0,22,65,.185,.239,.324,.563,63,105,4,2,0,4,1,45DH/39,toroab01
373,Luis Torrens,26,SEA,55,166,151,13,34,2,0,3,15,0,0,12,50,.225,.283,.298,.581,71,45,5,1,0,2,0,2/DH41,torrelu01
374,Gleyber Torres,25,NYY,140,572,526,73,135,28,1,24,76,10,5,39,129,.257,.310,.451,.761,114,237,12,3,1,3,2,*4/DH6,torregl01
375,Taylor Trammell*,24,SEA,43,117,102,15,20,9,0,4,10,2,1,13,33,.196,.284,.402,.686,99,41,2,0,1,1,0,9/8H7D,trammta01
376,Jose Trevino,29,NYY,115,353,335,39,83,12,1,11,43,2,1,15,62,.248,.283,.388,.671,90,130,5,2,0,1,0,*2/HD,trevijo01
377,Mike Trout,30,LAA,119,499,438,85,124,28,2,40,80,1,0,54,139,.283,.369,.630,.999,178,276,6,6,0,1,8,*8/DH,troutmi01
378,Kyle Tucker*,25,HOU,150,609,544,71,140,28,1,30,107,25,4,59,95,.257,.330,.478,.808,128,260,11,1,0,2,4,*9/DH,tuckeky01
379,Justin Upton,34,SEA,17,57,48,2,6,1,0,1,3,0,0,6,23,.125,.263,.208,.471,41,10,1,3,0,0,0,D/97H,uptonju01
380,Ramon Urias,28,BAL,118,445,403,50,100,17,1,16,51,1,0,30,98,.248,.305,.414,.720,103,167,7,5,3,4,1,54/6HD,uriasra01
381,Gio Urshela,30,MIN,144,551,501,61,143,27,3,13,64,1,0,41,96,.285,.338,.429,.767,121,215,21,2,0,7,2,*5/DH6,urshegi01
382,Andrew Vaughn,24,CHW,134,555,510,60,138,28,1,17,76,0,0,31,96,.271,.321,.429,.750,111,219,13,9,0,5,0,97D3/H4,vaughan01
383,Terrin Vavra*,25,BAL,40,103,89,14,23,2,1,1,12,0,1,12,19,.258,.340,.337,.677,94,30,2,0,0,2,0,47/HD9,vavrate01
384,Christian Vazquez,31,TOT,119,426,398,41,109,23,0,9,52,1,4,22,69,.274,.315,.399,.714,99,159,10,3,0,3,0,2H/34D,vazquch01
385,Andrew Velazquez#,27,LAA,125,349,322,37,63,8,0,9,28,17,1,15,119,.196,.236,.304,.540,53,98,3,3,6,3,0,*6/H,velazan01
386,Alex Verdugo*,26,BOS,152,644,593,75,166,39,1,11,74,1,3,42,86,.280,.328,.405,.732,102,240,14,3,0,6,2,*79/DH,verdual01
387,Jonathan Villar#,31,LAA,13,54,49,6,8,0,0,1,3,1,0,4,17,.163,.226,.224,.451,29,11,1,0,1,0,0,5,villajo01
388,Meibrys Viloria*,25,TEX,26,75,63,10,10,1,0,2,5,0,0,11,29,.159,.280,.270,.550,59,17,0,0,0,1,0,2/HD,vilorme01
389,Stephen Vogt*,37,OAK,70,191,168,18,27,4,1,7,23,1,0,17,46,.161,.241,.321,.562,63,54,4,2,0,4,0,DH23,vogtst01
390,Tyler Wade*,27,LAA,67,163,147,22,32,5,0,1,8,8,5,10,33,.218,.272,.272,.544,56,40,3,1,5,0,0,465H/798D,wadety01
391,Steele Walker*,25,TEX,5,16,14,1,1,0,0,1,1,0,0,2,4,.071,.188,.286,.473,34,4,0,0,0,0,0,/7H9,walkest01
392,Chad Wallach,30,LAA,12,40,35,3,5,1,0,1,4,0,0,4,9,.143,.231,.257,.488,39,9,1,0,1,0,0,2,wallach01
393,Matt Wallner*,24,MIN,18,65,57,4,13,3,0,2,10,1,0,6,25,.228,.323,.386,.709,105,22,0,2,0,0,1,9/DH,wallnma01
394,Taylor Walls#,25,TBR,142,466,407,53,70,18,2,8,33,10,3,52,120,.172,.268,.285,.553,63,116,6,2,2,2,0,645/HD,wallsta01
395,Jared Walsh*,28,LAA,118,454,423,41,91,18,2,15,44,2,1,27,138,.215,.269,.374,.642,81,158,6,4,0,0,4,*3H/7,walshja01
396,Donovan Walton*,28,SEA,1,0,0,1,0,0,0,0,0,0,0,0,0,,,,,,0,0,0,0,0,0,/5H,waltodo01
397,Taylor Ward,28,LAA,135,564,495,73,139,22,2,23,65,5,3,60,120,.281,.360,.473,.833,135,234,5,4,0,5,0,*9/8H5D7,wardta01
398,Drew Waters#,23,KCR,32,109,96,14,23,6,1,5,18,0,0,12,40,.240,.324,.479,.803,124,46,1,0,0,0,0,98/7HD,waterdr01
399,Eli White,28,TEX,47,117,105,16,21,2,0,3,10,12,1,11,41,.200,.274,.305,.578,66,32,0,0,0,1,0,87/HD9,whiteel04
400,Aaron Whitefield,25,LAA,5,11,11,0,0,0,0,0,0,0,0,0,5,.000,.000,.000,.000,-100,0,0,0,0,0,0,/987H,whiteaa01
401,Marcus Wilson,25,SEA,3,6,5,1,1,0,0,0,0,0,0,1,4,.200,.333,.200,.533,62,1,0,0,0,0,0,/H98D,wilsoma02
402,Jesse Winker*,28,SEA,136,547,456,51,100,15,0,14,53,0,0,84,103,.219,.344,.344,.688,103,157,8,4,0,3,1,*7D/H,winkeje01
403,Bobby Witt,22,KCR,150,632,591,82,150,31,6,20,80,30,7,30,135,.254,.294,.428,.722,102,253,12,6,0,5,2,65/DH,wittbo02
404,Connor Wong,26,BOS,27,56,48,8,9,3,0,1,7,0,0,5,16,.188,.273,.313,.585,63,15,0,1,1,1,0,2/H45D,wongco01
405,Seby Zavala,28,CHW,61,205,178,22,48,14,0,2,21,0,0,19,64,.270,.347,.382,.729,107,68,1,3,3,2,0,2/H3D,zavalse01
406,Bradley Zimmer*,29,TOR,100,101,89,14,9,4,0,2,5,3,2,5,41,.101,.200,.213,.413,19,19,0,6,1,0,0,8H/D9,zimmebr01
407,Mike Zunino,31,TBR,36,123,115,7,17,3,0,5,16,0,0,6,46,.148,.195,.304,.499,44,35,2,1,0,1,0,2/H,zuninmi01