Rk,Name,Age,Tm,W,L,W-L%,ERA,G,GS,GF,CG,SHO,SV,IP,H,R,ER,HR,BB,IBB,SO,HBP,BK,WP,BF,ERA+,FIP,WHIP,H9,HR9,BB9,SO9,SO/W,Name-additional
1,Albert Abreu,26,TOT,2,2,.500,3.26,33,0,11,0,0,0,38.2,35,15,14,5,22,0,38,3,0,6,172,124,4.77,1.474,8.1,1.2,5.1,8.8,1.73,abreual01
2,Bryan Abreu,25,HOU,4,0,1.000,1.94,55,0,18,0,0,2,60.1,45,16,13,2,26,0,88,4,0,7,248,200,2.12,1.177,6.7,0.3,3.9,13.1,3.38,abreubr01
3,Domingo Acevedo,28,OAK,4,4,.500,3.33,70,0,12,0,0,4,67.2,50,26,25,9,17,4,58,3,1,1,266,113,4.01,0.990,6.7,1.2,2.3,7.7,3.41,acevedo01
4,Jason Adam,30,TBR,2,3,.400,1.56,67,0,16,0,0,8,63.1,31,12,11,5,17,2,75,6,0,2,237,233,2.86,0.758,4.4,0.7,2.4,10.7,4.41,adamja01
5,Keegan Akin*,27,BAL,3,3,.500,3.20,45,1,10,0,0,2,81.2,69,35,29,10,20,0,77,1,0,1,329,126,3.59,1.090,7.6,1.1,2.2,8.5,3.85,akinke01
6,Jorge Alcala,26,MIN,0,0,,0.00,2,0,0,0,0,0,2.1,2,0,0,0,2,0,2,0,0,0,10,,3.97,1.714,7.7,0.0,7.7,7.7,1.00,alcaljo01
7,Tyler Alexander*,27,DET,4,11,.267,4.81,27,17,1,0,0,0,101.0,108,58,54,18,25,1,61,1,0,0,427,79,4.99,1.317,9.6,1.6,2.2,5.4,2.44,alexaty01
8,A.J. Alexy,24,TEX,1,1,.500,11.57,4,0,0,0,0,0,7.0,10,9,9,1,9,0,6,0,0,1,38,36,7.11,2.714,12.9,1.3,11.6,7.7,0.67,alexyaj01
9,Kolby Allard*,24,TEX,1,2,.333,7.29,10,0,4,0,0,1,21.0,21,17,17,9,6,1,19,1,0,0,87,55,7.87,1.286,9.0,3.9,2.6,8.1,3.17,allarko01
10,Logan Allen*,25,TOT,1,0,1.000,5.87,7,0,0,0,0,0,7.2,12,5,5,0,5,0,7,1,0,0,40,72,3.63,2.217,14.1,0.0,5.9,8.2,1.40,allenlo01
11,Shaun Anderson,27,TOR,0,0,,18.00,1,0,1,0,0,0,1.0,4,2,2,0,0,0,0,0,0,0,7,30,3.11,4.000,36.0,0.0,0.0,0.0,,andersh01
12,Chris Archer,33,MIN,2,8,.200,4.56,25,25,0,0,0,0,102.2,87,56,52,12,48,0,84,3,0,3,437,85,4.49,1.315,7.6,1.1,4.2,7.4,1.75,archech01
13,Kohei Arihara,29,TEX,1,3,.250,9.45,5,4,0,0,0,0,20.0,36,22,21,4,11,0,14,3,0,0,108,42,6.41,2.350,16.2,1.8,5.0,6.3,1.27,arihako01
14,Shawn Armstrong,31,TBR,2,3,.400,3.60,43,3,18,0,0,2,55.0,56,22,22,6,14,2,61,4,0,2,235,101,3.29,1.273,9.2,1.0,2.3,10.0,4.36,armstsh01
15,Pedro Baez,34,HOU,0,0,,11.57,3,0,1,0,0,0,2.1,5,6,3,0,3,0,2,0,1,0,16,39,5.26,3.429,19.3,0.0,11.6,7.7,0.67,baezpe01
16,Bryan Baker,27,BAL,4,3,.571,3.49,66,2,11,0,0,1,69.2,60,29,27,3,26,1,76,3,0,2,291,115,2.74,1.234,7.8,0.4,3.4,9.8,2.92,bakerbr01
17,Anthony Banda*,28,TOT,0,1,.000,7.71,9,1,2,0,0,0,7.0,9,6,6,1,8,0,8,1,0,0,37,56,6.54,2.429,11.6,1.3,10.3,10.3,1.00,bandaan01
18,Tanner Banks*,30,CHW,2,0,1.000,3.06,35,0,15,0,0,0,53.0,42,25,18,5,18,0,49,1,0,2,217,131,3.57,1.132,7.1,0.8,3.1,8.3,2.72,banksta01
19,Manny Banuelos*,31,NYY,0,0,,2.16,4,0,3,0,0,1,8.1,7,2,2,0,3,0,8,0,0,0,35,188,2.27,1.200,7.6,0.0,3.2,8.6,2.67,banuema01
20,Luke Bard,31,TOT,1,1,.500,1.80,9,0,5,0,0,0,15.0,7,3,3,0,7,0,8,2,1,0,59,213,3.85,0.933,4.2,0.0,4.2,4.8,1.14,bardlu01
21,Joe Barlow,26,TEX,3,1,.750,3.86,35,0,26,0,0,13,35.0,27,18,15,5,13,0,28,4,0,0,146,103,4.83,1.143,6.9,1.3,3.3,7.2,2.15,barlojo01
22,Scott Barlow,29,KCR,7,4,.636,2.18,69,0,47,0,0,24,74.1,52,23,18,9,22,1,77,3,0,5,290,188,3.62,0.996,6.3,1.1,2.7,9.3,3.50,barlosc01
23,Jacob Barnes,32,TOT,3,1,.750,5.64,23,0,3,0,0,0,22.1,23,14,14,3,9,0,12,2,0,1,97,69,5.26,1.433,9.3,1.2,3.6,4.8,1.33,barneja01
24,Matt Barnes,32,BOS,0,4,.000,4.31,44,0,16,0,0,8,39.2,36,22,19,2,21,1,34,3,0,4,176,98,3.87,1.437,8.2,0.5,4.8,7.7,1.62,barnema01
25,Tucker Barnhart,31,DET,0,0,,9.00,1,0,1,0,0,0,1.0,3,1,1,0,0,0,0,0,0,0,5,59,3.11,3.000,27.0,0.0,0.0,0.0,,barnhtu01
26,Kyle Barraclough,32,LAA,0,1,.000,3.00,8,0,3,0,0,0,9.0,7,3,3,0,4,0,9,0,0,2,37,139,2.45,1.222,7.0,0.0,4.0,9.0,2.25,barraky01
27,Jaime Barria,25,LAA,3,3,.500,2.61,35,1,21,0,0,0,79.1,63,29,23,11,19,0,54,3,0,3,316,154,4.39,1.034,7.1,1.2,2.2,6.1,2.84,barrija01
28,Anthony Bass,34,TOR,2,0,1.000,1.75,28,0,5,0,0,0,25.2,19,5,5,5,10,1,28,0,0,1,102,225,4.63,1.130,6.7,1.8,3.5,9.8,2.80,bassan01
29,Mike Baumann,26,BAL,1,3,.250,4.72,13,4,2,0,0,0,34.1,43,19,18,3,9,0,23,2,0,1,149,86,3.87,1.515,11.3,0.8,2.4,6.0,2.56,baumami01
30,Félix Bautista,27,BAL,4,4,.500,2.19,65,0,30,0,0,15,65.2,38,18,16,7,23,1,88,1,0,2,253,184,2.92,0.929,5.2,1.0,3.2,12.1,3.83,bautife01
31,Shane Baz,23,TBR,1,2,.333,5.00,6,6,0,0,0,0,27.0,27,15,15,5,9,0,30,1,0,2,117,73,4.41,1.333,9.0,1.7,3.0,10.0,3.33,bazsh01
32,Eduard Bazardo,26,BOS,1,0,1.000,2.76,12,0,4,0,0,0,16.1,12,5,5,4,4,0,11,2,0,1,65,156,6.05,0.980,6.6,2.2,2.2,6.1,2.75,bazared01
33,Jeremy Beasley,26,TOR,0,0,,4.80,9,0,5,0,0,0,15.0,14,9,8,4,5,0,19,2,0,0,64,83,5.45,1.267,8.4,2.4,3.0,11.4,3.80,beaslje01
34,Jalen Beeks*,28,TBR,2,3,.400,2.80,42,7,8,0,0,2,61.0,49,22,19,7,22,0,70,2,0,3,250,130,3.49,1.164,7.2,1.0,3.2,10.3,3.18,beeksja02
35,Brayan Bello,23,BOS,2,8,.200,4.71,13,11,0,1,0,0,57.1,75,34,30,1,27,1,55,2,0,2,268,90,2.94,1.779,11.8,0.2,4.2,8.6,2.04,bellobr01
36,Brennan Bernardino*,30,SEA,0,1,.000,3.86,2,0,2,0,0,0,2.1,3,3,1,0,2,1,0,0,0,0,13,113,5.68,2.143,11.6,0.0,7.7,0.0,0.00,bernabr01
37,Jose Berrios,28,TOR,12,7,.632,5.23,32,32,0,0,0,0,172.0,199,103,100,29,45,0,149,11,0,3,753,74,4.55,1.419,10.4,1.5,2.4,7.8,3.31,berrijo01
38,Christian Bethancourt,30,TOT,0,0,,2.25,4,0,4,0,0,0,4.0,6,1,1,1,1,0,1,0,0,0,19,196,6.61,1.750,13.5,2.3,2.3,2.3,1.00,bethach01
39,Shane Bieber,27,CLE,13,8,.619,2.88,31,31,0,1,0,0,200.0,172,70,64,18,36,0,198,2,1,5,791,132,2.87,1.040,7.7,0.8,1.6,8.9,5.50,biebesh01
40,Brandon Bielak,26,HOU,0,0,,3.65,5,0,2,0,0,0,12.1,11,5,5,2,4,0,12,3,0,1,54,109,4.98,1.216,8.0,1.5,2.9,8.8,3.00,bielabr01
41,Paul Blackburn,28,OAK,7,6,.538,4.28,21,21,0,0,0,0,111.1,110,53,53,15,30,2,89,5,0,1,467,87,4.21,1.257,8.9,1.2,2.4,7.2,2.97,blackpa01
42,Ronel Blanco,28,HOU,0,0,,7.11,7,0,3,0,0,0,6.1,8,5,5,1,4,0,7,1,0,0,32,58,5.32,1.895,11.4,1.4,5.7,9.9,1.75,blancro01
43,Ronald Bolanos,25,KCR,0,0,,4.42,8,0,4,0,0,0,18.1,20,9,9,2,12,1,12,3,0,1,87,94,5.68,1.745,9.8,1.0,5.9,5.9,1.00,bolanro01
44,Ryan Borucki*,28,TOT,2,0,1.000,5.68,32,0,4,0,0,0,25.1,24,16,16,6,11,0,21,2,0,5,111,68,6.07,1.382,8.5,2.1,3.9,7.5,1.91,borucry01
45,Matthew Boyd*,31,SEA,2,0,1.000,1.35,10,0,1,0,0,0,13.1,5,2,2,0,8,3,13,1,0,0,53,282,3.19,0.975,3.4,0.0,5.4,8.8,1.63,boydma01
46,Kyle Bradish,25,BAL,4,7,.364,4.90,23,23,0,0,0,0,117.2,119,68,64,17,46,0,111,7,0,7,509,82,4.46,1.402,9.1,1.3,3.5,8.5,2.41,bradiky01
47,Archie Bradley,29,LAA,0,1,.000,4.82,21,0,6,0,0,2,18.2,17,13,10,1,7,1,15,0,0,1,78,85,3.33,1.286,8.2,0.5,3.4,7.2,2.14,bradlar01
48,Jackie Bradley Jr.,32,BOS,0,0,,9.00,1,0,1,0,0,0,1.0,1,1,1,0,3,0,1,0,0,0,7,64,10.11,4.000,9.0,0.0,27.0,9.0,0.33,bradlja02
49,Matt Brash,24,SEA,4,4,.500,4.44,39,5,3,0,0,0,50.2,46,25,25,3,33,1,62,2,0,3,222,84,3.51,1.559,8.2,0.5,5.9,11.0,1.88,brashma01
50,Ryan Brasier,34,BOS,0,3,.000,5.78,68,0,11,0,0,1,62.1,68,43,40,9,13,1,64,1,0,1,263,73,3.61,1.299,9.8,1.3,1.9,9.2,4.92,brasiry01
51,Jake Brentz*,27,KCR,0,3,.000,23.63,8,0,1,0,0,0,5.1,11,15,14,1,10,0,9,1,0,2,38,18,8.36,3.938,18.6,1.7,16.9,15.2,0.90,brentja01
52,Beau Brieske,24,DET,3,6,.333,4.19,15,15,0,0,0,0,81.2,73,39,38,14,25,0,54,1,1,2,339,90,4.97,1.200,8.0,1.5,2.8,6.0,2.16,briesbe01
53,Zack Britton*,34,NYY,0,0,,13.50,3,0,0,0,0,0,0.2,1,1,1,0,6,0,1,0,0,1,9,46,27.11,10.500,13.5,0.0,81.0,13.5,0.17,brittza01
54,Hunter Brown,23,HOU,2,0,1.000,0.89,7,2,0,0,0,0,20.1,15,2,2,0,7,0,22,0,0,0,80,443,1.98,1.082,6.6,0.0,3.1,9.7,3.14,brownhu01
55,Kris Bubic*,24,KCR,3,13,.188,5.58,28,27,1,0,0,0,129.0,156,87,80,18,63,0,110,4,1,4,587,73,4.78,1.698,10.9,1.3,4.4,7.7,1.75,bubickr01
56,Aaron Bummer*,28,CHW,2,1,.667,2.36,32,0,3,0,0,2,26.2,30,11,7,2,10,0,30,2,0,0,117,170,3.19,1.500,10.1,0.7,3.4,10.1,3.00,bummeaa01
57,Dylan Bundy,29,MIN,8,8,.500,4.89,29,29,0,0,0,0,140.0,151,79,76,24,28,0,94,3,0,3,595,79,4.66,1.279,9.7,1.5,1.8,6.0,3.36,bundydy01
58,Brock Burke*,25,TEX,7,5,.583,1.97,52,0,5,0,0,0,82.1,63,25,18,9,24,1,90,2,1,2,328,200,3.30,1.057,6.9,1.0,2.6,9.8,3.75,burkebr01
59,Ryan Burr,28,CHW,1,1,.500,6.00,8,0,2,0,0,0,9.0,8,7,6,3,4,0,7,0,0,0,39,69,7.22,1.333,8.0,3.0,4.0,7.0,1.75,burrry01
60,Matt Bush,36,TEX,2,1,.667,2.95,40,5,7,0,0,1,36.2,27,16,12,5,10,0,45,2,0,3,151,135,3.41,1.009,6.6,1.2,2.5,11.0,4.50,bushma01
61,Yennier Cano,28,TOT,1,1,.500,11.50,13,0,3,0,0,0,18.0,26,23,23,3,16,0,21,1,0,2,97,35,5.78,2.333,13.0,1.5,8.0,10.5,1.31,canoye01
62,Drew Carlton,26,DET,0,0,,2.08,5,0,4,0,0,0,8.2,4,4,2,1,0,0,7,0,0,1,32,190,3.00,0.462,4.2,1.0,0.0,7.3,,carltdr01
63,Ryan Castellani,26,OAK,0,0,,0.00,3,0,1,0,0,0,2.2,2,1,0,0,0,0,1,0,0,2,11,,2.36,0.750,6.8,0.0,0.0,3.4,,castery01
64,Diego Castillo,28,SEA,7,3,.700,3.64,59,0,23,0,0,7,54.1,40,27,22,5,22,4,53,2,0,1,222,102,3.68,1.141,6.6,0.8,3.6,8.8,2.41,castidi01
65,Luis Castillo,29,SEA,4,2,.667,3.17,11,11,0,0,0,0,65.1,55,26,23,6,17,0,77,4,0,0,266,117,2.91,1.102,7.6,0.8,2.3,10.6,4.53,castilu02
66,Luis Castillo,27,DET,0,0,,0.00,3,0,1,0,0,0,3.2,2,0,0,0,0,0,4,0,0,0,14,,0.93,0.545,4.9,0.0,0.0,9.8,,castilu03
67,Max Castillo,23,TOT,0,2,.000,5.95,14,6,4,0,0,0,39.1,38,28,26,8,15,0,37,2,0,2,170,68,5.17,1.347,8.7,1.8,3.4,8.5,2.47,castima03
68,Anthony Castro,27,CLE,0,0,,7.43,12,0,2,0,0,0,13.1,19,15,11,5,10,0,12,0,0,1,65,53,8.44,2.175,12.8,3.4,6.8,8.1,1.20,castran02
69,Harold Castro,28,DET,0,0,,4.50,4,0,3,0,0,0,4.0,6,2,2,0,1,0,1,1,0,0,18,92,4.11,1.750,13.5,0.0,2.3,2.3,1.00,castrha01
70,Miguel Castro,27,NYY,5,0,1.000,4.03,34,0,2,0,0,0,29.0,27,16,13,2,15,0,31,4,0,2,131,98,3.84,1.448,8.4,0.6,4.7,9.6,2.07,castrmi01
71,Dylan Cease,26,CHW,14,8,.636,2.20,32,32,0,1,1,0,184.0,126,55,45,16,78,2,227,3,1,7,747,180,3.10,1.109,6.2,0.8,3.8,11.1,2.91,ceasedy01
72,Andrew Chafin*,32,DET,2,3,.400,2.83,64,0,10,0,0,3,57.1,48,26,18,5,19,0,67,3,0,4,243,134,3.06,1.169,7.5,0.8,3.0,10.5,3.53,chafian01
73,Yu Chang,26,TBR,0,0,,13.50,2,0,2,0,0,0,2.0,6,3,3,1,0,0,0,0,0,0,11,32,9.61,3.000,27.0,4.5,0.0,0.0,,changyu01
74,Aroldis Chapman*,34,NYY,4,4,.500,4.46,43,0,19,0,0,9,36.1,24,18,18,4,28,0,43,1,0,6,160,88,4.57,1.431,5.9,1.0,6.9,10.7,1.54,chapmar01
75,JT Chargois,31,TBR,2,0,1.000,2.42,21,3,3,0,0,0,22.1,16,7,6,3,5,0,17,2,0,0,86,152,4.28,0.940,6.4,1.2,2.0,6.9,3.40,chargjt01
76,Jesse Chavez,38,LAA,1,0,1.000,7.59,11,0,6,0,0,0,10.2,15,12,9,2,4,0,10,0,0,0,50,55,4.80,1.781,12.7,1.7,3.4,8.4,2.50,chaveje01
77,Yonny Chirinos,28,TBR,1,0,1.000,0.00,2,1,0,0,0,0,7.0,7,0,0,0,1,0,6,1,0,1,30,,2.26,1.143,9.0,0.0,1.3,7.7,6.00,chiriyo01
78,Adam Cimber,31,TOR,10,6,.625,2.80,77,0,15,0,0,4,70.2,66,28,22,6,13,1,58,8,0,1,293,139,3.47,1.118,8.4,0.8,1.7,7.4,4.46,cimbead01
79,Jose Cisnero,33,DET,1,0,1.000,1.08,28,0,6,0,0,0,25.0,15,4,3,0,19,0,23,1,0,1,105,355,3.67,1.360,5.4,0.0,6.8,8.3,1.21,cisnejo01
80,Aaron Civale,27,CLE,5,6,.455,4.92,20,20,0,0,0,0,97.0,93,58,53,14,22,1,98,7,0,1,407,78,3.87,1.186,8.6,1.3,2.0,9.1,4.45,civalaa01
81,Taylor Clarke,29,KCR,3,1,.750,4.04,47,0,8,0,0,3,49.0,50,25,22,6,8,0,48,1,0,3,203,102,3.30,1.184,9.2,1.1,1.5,8.8,6.00,clarkta01
82,Emmanuel Clase,24,CLE,3,4,.429,1.36,77,0,67,0,0,42,72.2,43,18,11,3,10,2,77,1,0,4,271,281,1.98,0.729,5.3,0.4,1.2,9.5,7.70,claseem01
83,Garrett Cleavinger*,28,TBR,1,0,1.000,2.41,13,0,2,0,0,0,18.2,8,5,5,1,4,0,25,0,0,0,68,153,1.77,0.643,3.9,0.5,1.9,12.1,6.25,cleavga01
84,Kody Clemens,26,DET,0,0,,3.86,7,0,6,0,0,0,7.0,12,3,3,0,1,0,1,0,0,0,33,103,3.26,1.857,15.4,0.0,1.3,1.3,1.00,clemeko01
85,Ernie Clement,26,CLE,0,0,,18.00,2,0,2,0,0,0,2.0,6,4,4,2,0,0,0,0,0,1,11,25,16.11,3.000,27.0,9.0,0.0,0.0,,clemeer01
86,Gerrit Cole,31,NYY,13,8,.619,3.50,33,33,0,0,0,0,200.2,154,81,78,33,50,0,257,2,2,2,793,111,3.47,1.017,6.9,1.5,2.2,11.5,5.14,colege01
87,Dylan Coleman,25,KCR,5,2,.714,2.78,68,0,9,0,0,0,68.0,47,26,21,5,37,1,71,6,0,7,289,148,3.88,1.235,6.2,0.7,4.9,9.4,1.92,colemdy01
88,Nestor Cortes*,27,NYY,12,4,.750,2.44,28,28,0,1,1,0,158.1,108,44,43,16,38,0,163,2,0,1,615,159,3.13,0.922,6.1,0.9,2.2,9.3,4.29,cortene01
89,Jharel Cotton,30,MIN,2,2,.500,2.83,25,0,7,0,0,0,35.0,23,13,11,7,16,0,31,2,0,2,144,137,5.48,1.114,5.9,1.8,4.1,8.0,1.94,cottojh01
90,Danny Coulombe*,32,MIN,0,0,,1.46,10,0,3,0,0,0,12.1,7,3,2,0,9,0,9,0,0,1,53,272,3.84,1.297,5.1,0.0,6.6,6.6,1.00,couloda01
91,Kutter Crawford,26,BOS,3,6,.333,5.47,21,12,3,0,0,0,77.1,81,49,47,12,29,1,77,2,1,4,334,77,4.34,1.422,9.4,1.4,3.4,9.0,2.66,crawfku01
92,Kyle Crick,29,CHW,2,0,1.000,4.02,14,0,3,0,0,0,15.2,10,7,7,0,11,0,19,2,0,0,66,101,3.18,1.340,5.7,0.0,6.3,10.9,1.73,crickky01
93,Cooper Criswell,25,TBR,0,0,,2.70,1,1,0,0,0,0,3.1,2,1,1,0,1,0,4,0,0,0,13,151,1.61,0.900,5.4,0.0,2.7,10.8,4.00,criswco01
94,Jose Cuas,28,KCR,4,2,.667,3.58,47,0,4,0,0,1,37.2,39,18,15,2,24,2,34,6,0,1,180,115,4.39,1.673,9.3,0.5,5.7,8.1,1.42,cuasjo01
95,Johnny Cueto,36,CHW,8,10,.444,3.35,25,24,0,1,0,0,158.1,161,66,59,15,33,2,102,6,1,2,651,118,3.80,1.225,9.2,0.9,1.9,5.8,3.09,cuetojo01
96,Charlie Culberson,33,TEX,0,0,,0.00,2,0,2,0,0,0,2.0,1,0,0,0,1,0,0,0,0,0,8,,4.61,1.000,4.5,0.0,4.5,0.0,0.00,culbech01
97,Xzavion Curry,23,CLE,0,1,.000,5.79,2,2,0,0,0,0,9.1,13,7,6,1,6,0,3,1,0,0,47,69,6.11,2.036,12.5,1.0,5.8,2.9,0.50,curryxz01
98,Tyler Cyr,29,OAK,1,0,1.000,2.08,11,0,2,0,0,0,13.0,9,3,3,1,5,0,16,1,0,0,52,185,3.04,1.077,6.2,0.7,3.5,11.1,3.20,cyrty01
99,Tyler Danish,27,BOS,3,1,.750,5.13,32,0,10,0,0,0,40.1,40,24,23,7,12,0,32,4,0,1,173,82,4.97,1.289,8.9,1.6,2.7,7.1,2.67,danisty01
100,Tucker Davidson*,26,LAA,1,5,.167,6.87,8,8,0,0,0,0,36.2,39,28,28,7,22,0,23,2,0,1,169,59,6.30,1.664,9.6,1.7,5.4,5.6,1.05,davidtu01
101,Austin Davis*,29,TOT,2,1,.667,5.79,52,3,12,0,0,0,56.0,57,39,36,5,33,1,64,5,0,1,264,73,4.02,1.607,9.2,0.8,5.3,10.3,1.94,davisau01
102,Angel De Jesus,25,DET,0,0,,2.13,8,0,3,0,0,0,12.2,9,3,3,2,4,0,7,2,0,2,54,182,5.48,1.026,6.4,1.4,2.8,5.0,1.75,dejesan01
103,Enyel De Los Santos,26,CLE,5,0,1.000,3.04,50,0,11,0,0,1,53.1,40,18,18,3,17,1,61,2,1,3,215,126,2.63,1.069,6.8,0.5,2.9,10.3,3.59,delosen01
104,Reid Detmers*,22,LAA,7,6,.538,3.77,25,25,0,1,1,0,129.0,110,56,54,13,46,1,122,8,0,2,539,107,3.79,1.209,7.7,0.9,3.2,8.5,2.65,detmere01
105,Jhonathan Diaz*,25,LAA,1,1,.500,2.93,4,3,1,0,0,0,15.1,13,5,5,1,10,0,11,0,0,0,66,140,4.48,1.500,7.6,0.6,5.9,6.5,1.10,diazjh01
106,Miguel Diaz,27,DET,0,0,,2.45,3,0,0,0,0,0,3.2,1,1,1,0,2,0,3,0,0,1,14,171,3.11,0.818,2.5,0.0,4.9,7.4,1.50,diazmi02
107,Jake Diekman*,35,TOT,5,4,.556,4.99,70,0,10,0,0,1,57.2,52,40,32,9,42,2,79,8,0,7,269,83,5.00,1.630,8.1,1.4,6.6,12.3,1.88,diekmja01
108,Marcos Diplan,25,BAL,0,0,,1.59,5,0,2,0,0,0,5.2,4,2,1,0,5,0,8,0,0,0,27,269,2.94,1.588,6.4,0.0,7.9,12.7,1.60,diplama01
109,Hunter Dozier,30,KCR,0,0,,18.00,1,0,1,0,0,0,1.0,2,2,2,1,1,0,0,0,0,0,6,31,19.11,3.000,18.0,9.0,9.0,0.0,0.00,doziehu01
110,Tyler Duffey,31,MIN,2,4,.333,4.91,40,0,10,0,0,2,44.0,45,24,24,8,15,1,39,1,0,2,185,79,4.79,1.364,9.2,1.6,3.1,8.0,2.60,duffety01
111,Robert Dugger,26,TBR,0,0,,5.06,1,0,1,0,0,0,5.1,8,3,3,0,0,0,7,0,0,1,24,77,0.49,1.500,13.5,0.0,0.0,11.8,,duggero01
112,Dane Dunning,27,TEX,4,8,.333,4.46,29,29,0,0,0,0,153.1,158,80,76,20,62,0,137,11,0,6,671,88,4.45,1.435,9.3,1.2,3.6,8.0,2.21,dunnida01
113,Jhoan Duran,24,MIN,2,4,.333,1.86,57,0,18,0,0,8,67.2,50,15,14,6,16,3,89,4,0,6,266,208,2.52,0.975,6.7,0.8,2.1,11.8,5.56,duranjh01
114,Scott Effross,28,NYY,0,0,,2.13,13,0,5,0,0,3,12.2,9,4,3,1,4,0,12,1,0,0,51,188,3.43,1.026,6.4,0.7,2.8,8.5,3.00,effrosc01
115,Roenis Elias*,33,SEA,0,0,,3.52,7,0,5,0,0,0,7.2,7,3,3,1,3,0,6,0,0,0,33,110,4.42,1.304,8.2,1.2,3.5,7.0,2.00,eliasro01
116,Chris Ellis,29,BAL,0,0,,10.38,2,2,0,0,0,0,4.1,5,5,5,0,6,0,2,1,0,0,25,42,7.04,2.538,10.4,0.0,12.5,4.2,0.33,ellisch01
117,Nathan Eovaldi,32,BOS,6,3,.667,3.87,20,20,0,2,1,0,109.1,115,55,47,21,20,0,103,1,0,2,460,109,4.30,1.235,9.5,1.7,1.6,8.5,5.15,eovalna01
118,Alex Faedo,26,DET,1,5,.167,5.53,12,12,0,0,0,0,53.2,63,34,33,7,25,0,44,1,0,2,244,69,4.62,1.640,10.6,1.2,4.2,7.4,1.76,faedoal01
119,Pete Fairbanks,28,TBR,0,0,,1.13,24,0,10,0,0,8,24.0,13,3,3,1,3,0,38,0,0,0,87,327,0.86,0.667,4.9,0.4,1.1,14.3,12.67,fairbpe01
120,Jeurys Familia,32,BOS,1,2,.333,6.10,10,0,3,0,0,0,10.1,10,8,7,1,7,1,8,1,0,0,46,71,5.15,1.645,8.7,0.9,6.1,7.0,1.14,familje01
121,Calvin Faucher,26,TBR,2,3,.400,5.48,22,0,7,0,0,1,21.1,26,16,13,4,10,0,21,1,0,2,101,67,5.13,1.688,11.0,1.7,4.2,8.9,2.10,fauchca01
122,Michael Feliz,29,BOS,0,0,,2.70,1,0,0,0,0,0,3.1,1,2,1,1,2,0,4,0,0,0,13,172,6.41,0.900,2.7,2.7,5.4,10.8,2.00,felizmi01
123,Matthew Festa,29,SEA,2,0,1.000,4.17,53,0,13,0,0,2,54.0,43,26,25,10,18,0,64,2,0,1,219,89,4.26,1.130,7.2,1.7,3.0,10.7,3.56,festama01
124,J.P. Feyereisen,29,TBR,4,0,1.000,0.00,22,2,3,0,0,1,24.1,7,1,0,0,5,0,25,0,0,0,86,,1.67,0.493,2.6,0.0,1.8,9.2,5.00,feyerjo01
125,Josh Fleming*,26,TBR,2,5,.286,6.43,10,3,1,0,0,0,35.0,54,36,25,5,12,1,29,1,0,0,169,57,4.43,1.886,13.9,1.3,3.1,7.5,2.42,flemijo01
126,Chris Flexen,27,SEA,8,9,.471,3.73,33,22,11,0,0,2,137.2,132,61,57,17,51,3,95,2,0,7,590,99,4.49,1.329,8.6,1.1,3.3,6.2,1.86,flexech01
127,Jason Foley,26,DET,1,0,1.000,3.88,60,0,15,0,0,0,60.1,72,27,26,2,11,0,43,2,1,0,256,98,2.76,1.376,10.7,0.3,1.6,6.4,3.91,foleyja01
128,Matt Foster,27,CHW,1,2,.333,4.40,48,0,12,0,0,1,45.0,43,25,22,6,17,1,42,0,0,1,193,91,4.11,1.333,8.6,1.2,3.4,8.4,2.47,fostema01
129,Bowden Francis,26,TOR,0,0,,0.00,1,0,1,0,0,0,0.2,1,0,0,0,0,0,1,0,0,0,3,,0.11,1.500,13.5,0.0,0.0,13.5,,francbo01
130,Paul Fry*,29,BAL,0,0,,6.00,12,0,6,0,0,0,12.0,9,9,8,1,7,0,12,2,0,2,54,69,4.45,1.333,6.8,0.8,5.3,9.0,1.71,frypa01
131,Michael Fulmer,29,TOT,5,6,.455,3.39,67,0,11,0,0,3,63.2,59,27,24,4,28,6,61,5,0,3,276,113,3.57,1.366,8.3,0.6,4.0,8.6,2.18,fulmemi01
132,Hunter Gaddis,24,CLE,0,2,.000,18.41,2,2,0,0,0,0,7.1,15,15,15,7,3,0,5,0,0,0,40,22,15.39,2.455,18.4,8.6,3.7,6.1,1.67,gaddihu01
133,Matt Gage*,29,TOR,0,1,.000,1.38,11,0,5,0,0,0,13.0,6,4,2,1,6,1,12,1,0,0,50,289,3.88,0.923,4.2,0.7,4.2,8.3,2.00,gagema01
134,Bryan Garcia,27,DET,2,0,1.000,3.54,4,4,0,0,0,0,20.1,14,8,8,3,10,0,17,3,0,1,84,109,5.28,1.180,6.2,1.3,4.4,7.5,1.70,garcibr01
135,Luis Garcia,25,HOU,15,8,.652,3.72,28,28,0,0,0,0,157.1,131,70,65,23,47,0,157,1,1,8,643,104,3.93,1.131,7.5,1.3,2.7,9.0,3.34,garcilu05
136,Rico Garcia,28,BAL,0,0,,4.50,6,0,4,0,0,0,8.0,8,4,4,2,3,0,2,0,0,0,35,93,6.99,1.375,9.0,2.3,3.4,2.3,0.67,garciri01
137,Rony Garcia,24,DET,3,3,.500,4.41,16,8,2,0,0,0,51.0,40,27,25,9,13,0,48,4,0,3,206,86,4.52,1.039,7.1,1.6,2.3,8.5,3.69,garciro03
138,Yimi Garcia,31,TOR,4,5,.444,3.10,61,0,9,0,0,1,61.0,48,26,21,6,16,3,58,4,1,1,247,126,3.47,1.049,7.1,0.9,2.4,8.6,3.63,garciyi01
139,Amir Garrett*,30,KCR,3,1,.750,4.96,60,0,3,0,0,0,45.1,28,26,25,0,32,0,49,5,1,7,196,83,3.40,1.324,5.6,0.0,6.4,9.7,1.53,garream01
140,Ralph Garza,28,TBR,2,2,.500,3.34,19,0,10,0,0,0,35.0,38,14,13,4,16,2,17,2,0,2,153,109,5.17,1.543,9.8,1.0,4.1,4.4,1.06,garzara01
141,Kevin Gausman,31,TOR,12,10,.545,3.35,31,31,0,0,0,0,174.2,188,72,65,15,28,0,205,1,2,2,725,116,2.38,1.237,9.7,0.8,1.4,10.6,7.32,gausmke01
142,Domingo German,29,NYY,2,5,.286,3.61,15,14,0,0,0,0,72.1,65,31,29,11,19,0,58,4,1,0,298,108,4.44,1.161,8.1,1.4,2.4,7.2,3.05,germado01
143,Franklin German,24,BOS,0,0,,18.00,5,0,3,0,0,0,4.0,7,8,8,2,4,0,4,0,0,0,23,25,10.61,2.750,15.8,4.5,9.0,9.0,1.00,germafr02
144,Ian Gibaut,28,CLE,0,0,,0.00,1,0,0,0,0,0,1.1,1,0,0,0,0,0,0,1,0,0,6,,5.36,0.750,6.8,0.0,0.0,0.0,,gibauia01
145,Luis Gil,24,NYY,0,0,,9.00,1,1,0,0,0,0,4.0,5,4,4,0,2,0,5,0,0,1,19,47,2.11,1.750,11.3,0.0,4.5,11.3,2.50,gillu01
146,Logan Gilbert,25,SEA,13,6,.684,3.20,32,32,0,0,0,0,185.2,170,71,66,19,49,2,174,6,0,5,766,116,3.46,1.180,8.2,0.9,2.4,8.4,3.55,gilbelo01
147,Ken Giles,31,SEA,0,0,,0.00,5,0,3,0,0,0,4.1,1,0,0,0,4,0,6,0,0,1,18,,3.11,1.154,2.1,0.0,8.3,12.5,1.50,gileske01
148,Logan Gillaspie,25,BAL,1,0,1.000,3.12,17,0,6,0,0,0,17.1,20,8,6,1,3,0,10,2,0,1,74,131,3.57,1.327,10.4,0.5,1.6,5.2,3.33,gillalo01
149,Lucas Giolito,27,CHW,11,9,.550,4.90,30,30,0,0,0,0,161.2,171,92,88,24,61,1,177,4,0,3,698,81,4.06,1.435,9.5,1.3,3.4,9.9,2.90,giolilu01
150,Tyler Glasnow,28,TBR,0,0,,1.35,2,2,0,0,0,0,6.2,4,1,1,1,2,0,10,0,0,1,26,285,2.96,0.900,5.4,1.4,2.7,13.5,5.00,glasnty01
151,Marco Gonzales*,30,SEA,10,15,.400,4.13,32,32,0,0,0,0,183.0,194,97,84,30,50,1,103,7,0,1,783,90,5.05,1.333,9.5,1.5,2.5,5.1,2.06,gonzama02
152,Chi Chi Gonzalez,30,TOT,0,0,,5.40,3,3,0,0,0,0,11.2,16,7,7,2,3,0,7,0,0,0,51,76,4.91,1.629,12.3,1.5,2.3,5.4,2.33,gonzach01
153,Marwin Gonzalez,33,NYY,0,0,,0.00,1,0,1,0,0,0,0.1,0,0,0,0,0,0,0,0,0,0,1,,3.11,0.000,0.0,0.0,0.0,0.0,,gonzama01
154,Nick Gordon,26,MIN,0,0,,22.09,4,0,3,0,0,0,3.2,10,9,9,2,4,0,0,0,0,0,25,19,13.48,3.818,24.5,4.9,9.8,0.0,0.00,gordoni01
155,Anthony Gose*,31,CLE,3,0,1.000,4.71,22,0,3,0,0,0,21.0,15,13,11,4,14,1,28,1,0,2,92,82,5.07,1.381,6.4,1.7,6.0,12.0,2.00,gosean01
156,Phil Gosselin,33,LAA,0,0,,0.00,1,0,1,0,0,0,1.0,0,0,0,0,0,0,0,0,0,0,3,,3.11,0.000,0.0,0.0,0.0,0.0,,gosseph01
157,Kendall Graveman,31,CHW,3,4,.429,3.18,65,0,14,0,0,6,65.0,65,29,23,5,26,2,66,3,0,3,285,125,3.42,1.400,9.0,0.7,3.6,9.1,2.54,graveke01
158,Jon Gray,30,TEX,7,7,.500,3.96,24,24,0,0,0,0,127.1,105,61,56,17,39,0,134,6,2,4,521,99,3.80,1.131,7.4,1.2,2.8,9.5,3.44,grayjo02
159,Sonny Gray,32,MIN,8,5,.615,3.08,24,24,0,0,0,0,119.2,99,44,41,11,36,0,117,6,0,3,488,125,3.41,1.128,7.4,0.8,2.7,8.8,3.25,grayso01
160,Chad Green,31,NYY,1,1,.500,3.00,14,0,2,0,0,1,15.0,13,6,5,1,5,0,16,0,0,0,62,133,2.85,1.200,7.8,0.6,3.0,9.6,3.20,greench03
161,Shane Greene,33,NYY,0,0,,18.00,1,0,1,0,0,0,1.0,1,2,2,1,1,0,1,0,0,0,5,30,17.11,2.000,9.0,9.0,9.0,9.0,1.00,greensh02
162,Zack Greinke,38,KCR,4,9,.308,3.68,26,26,0,0,0,0,137.0,157,65,56,14,27,0,73,3,0,7,585,111,4.03,1.343,10.3,0.9,1.8,4.8,2.70,greinza01
163,Foster Griffin*,26,TOT,0,0,,8.53,6,0,4,0,0,0,6.1,7,7,6,0,5,0,4,1,0,0,32,53,4.69,1.895,9.9,0.0,7.1,5.7,0.80,grifffo01
164,Justin Grimm,33,OAK,0,0,,4.11,15,0,5,0,0,0,15.1,18,8,7,1,7,0,11,2,1,0,71,93,4.29,1.630,10.6,0.6,4.1,6.5,1.57,grimmju01
165,Javy Guerra,26,TBR,2,1,.667,3.38,17,0,3,0,0,0,16.0,13,7,6,2,8,2,9,1,0,2,70,110,5.30,1.313,7.3,1.1,4.5,5.1,1.13,guerrja02
166,DL Hall*,23,BAL,1,1,.500,5.93,11,1,1,0,0,1,13.2,17,9,9,0,6,0,19,0,0,2,64,69,1.65,1.683,11.2,0.0,4.0,12.5,3.17,halldl01
167,Ian Hamilton,27,MIN,0,0,,6.75,1,0,0,0,0,0,2.2,3,2,2,1,1,0,0,0,0,0,11,65,9.11,1.500,10.1,3.4,3.4,0.0,0.00,hamilia01
168,Josh Harrison,34,CHW,0,0,,18.00,3,0,3,0,0,0,3.0,9,6,6,1,2,0,2,0,0,0,18,25,8.11,3.667,27.0,3.0,6.0,6.0,1.00,harrijo05
169,Thomas Hatch,27,TOR,0,1,.000,19.29,1,1,0,0,0,0,4.2,12,10,10,3,2,0,4,1,0,0,26,22,11.68,3.000,23.1,5.8,3.9,7.7,2.00,hatchto01
170,Louis Head,32,BAL,0,0,,1.80,5,0,2,0,0,0,5.0,6,1,1,0,4,0,3,1,0,1,27,239,4.91,2.000,10.8,0.0,7.2,5.4,0.75,headlo01
171,Taylor Hearn*,27,TEX,6,8,.429,5.13,31,13,3,0,0,1,100.0,107,60,57,11,43,0,97,3,0,3,449,77,3.98,1.500,9.6,1.0,3.9,8.7,2.26,hearnta01
172,Jonathan Heasley,25,KCR,4,10,.286,5.28,21,21,0,0,0,0,104.0,108,67,61,19,47,0,70,6,0,9,465,78,5.67,1.490,9.3,1.6,4.1,6.1,1.49,heasljo01
173,Liam Hendriks,33,CHW,4,4,.500,2.81,58,0,51,0,0,37,57.2,44,22,18,7,16,1,85,2,0,8,235,142,2.68,1.040,6.9,1.1,2.5,13.3,5.31,hendrli01
174,Ronny Henriquez,22,MIN,0,1,.000,2.31,3,0,1,0,0,0,11.2,8,4,3,1,3,0,9,2,0,0,50,172,3.97,0.943,6.2,0.8,2.3,6.9,3.00,henriro01
175,Sam Hentges*,25,CLE,3,2,.600,2.32,57,0,15,0,0,1,62.0,41,17,16,3,19,1,72,3,0,3,245,165,2.48,0.968,6.0,0.4,2.8,10.5,3.79,hentgsa01
176,Jimmy Herget,28,LAA,2,1,.667,2.48,49,1,13,0,0,9,69.0,48,20,19,4,15,3,63,3,0,0,266,162,2.82,0.913,6.3,0.5,2.0,8.2,4.20,hergeji01
177,Kevin Herget,31,TBR,0,1,.000,7.71,3,0,3,0,0,0,7.0,9,6,6,0,0,0,4,0,0,0,30,50,1.97,1.286,11.6,0.0,0.0,5.1,,hergeke01
178,Carlos Hernandez,25,KCR,0,5,.000,7.39,27,7,4,0,0,0,56.0,72,48,46,7,31,1,35,1,0,3,266,56,5.20,1.839,11.6,1.1,5.0,5.6,1.13,hernaca04
179,Darwinzon Hernandez*,25,BOS,0,1,.000,21.60,7,0,2,0,0,0,6.2,14,17,16,4,8,0,9,2,0,0,43,20,12.71,3.300,18.9,5.4,10.8,12.2,1.13,hernada02
180,Jonathan Hernandez,25,TEX,2,3,.400,2.97,29,0,16,0,0,4,30.1,26,14,10,2,17,3,27,1,1,5,131,134,3.97,1.418,7.7,0.6,5.0,8.0,1.59,hernajo02
181,Garrett Hill,26,DET,3,3,.500,4.03,17,8,1,0,0,0,60.1,53,29,27,8,29,0,40,4,0,2,263,94,5.15,1.359,7.9,1.2,4.3,6.0,1.38,hillga02
182,Rich Hill*,42,BOS,8,7,.533,4.27,26,26,0,0,0,0,124.1,125,67,59,15,37,0,109,4,2,0,526,99,3.92,1.303,9.0,1.1,2.7,7.9,2.95,hillri01
183,Greg Holland,36,TEX,0,1,.000,7.71,5,0,2,0,0,0,4.2,6,5,4,3,1,0,5,0,0,0,20,55,9.97,1.500,11.6,5.8,1.9,9.6,5.00,hollagr01
184,Clay Holmes,29,NYY,7,4,.636,2.54,62,0,32,0,0,20,63.2,45,21,18,2,20,2,65,9,0,1,260,154,2.85,1.021,6.4,0.3,2.8,9.2,3.25,holmecl01
185,Tanner Houck,26,BOS,5,4,.556,3.15,32,4,14,0,0,8,60.0,49,22,21,3,22,3,56,6,0,3,247,134,3.30,1.183,7.4,0.5,3.3,8.4,2.55,houckta01
186,Spencer Howard,25,TEX,2,4,.333,7.41,10,8,0,0,0,0,37.2,50,33,31,12,15,1,32,1,1,1,179,54,6.83,1.726,11.9,2.9,3.6,7.6,2.13,howarsp01
187,Drew Hutchison,31,DET,3,9,.250,4.53,28,18,3,0,0,0,105.1,114,58,53,15,42,1,68,2,0,3,464,84,4.93,1.481,9.7,1.3,3.6,5.8,1.62,hutchdr01
188,Raisel Iglesias,32,LAA,2,6,.250,4.04,39,0,32,0,0,16,35.2,29,18,16,5,9,1,48,2,0,3,146,100,3.17,1.065,7.3,1.3,2.3,12.1,5.33,iglesra01
189,Cole Irvin*,28,OAK,9,13,.409,3.98,30,30,0,0,0,0,181.0,174,87,80,25,36,3,128,7,0,3,741,94,4.21,1.160,8.7,1.2,1.8,6.4,3.56,irvinco01
190,Zach Jackson,27,OAK,2,3,.400,3.00,54,0,10,0,0,3,48.0,28,18,16,1,33,3,67,2,0,9,202,125,2.78,1.271,5.3,0.2,6.2,12.6,2.03,jacksza02
191,Cristian Javier,25,HOU,11,9,.550,2.54,30,25,0,0,0,0,148.2,89,44,42,17,52,0,194,6,1,5,585,152,3.16,0.948,5.4,1.0,3.1,11.7,3.73,javiecr01
192,Griffin Jax,27,MIN,7,4,.636,3.36,65,0,10,0,0,1,72.1,56,29,27,7,20,3,78,3,0,2,290,115,3.17,1.051,7.0,0.9,2.5,9.7,3.90,jaxgr01
193,Daulton Jefferies,26,OAK,1,7,.125,5.72,8,8,0,0,0,0,39.1,46,26,25,4,8,0,28,2,0,3,172,66,3.77,1.373,10.5,0.9,1.8,6.4,3.50,jeffeda01
194,Dany Jimenez,28,OAK,3,4,.429,3.41,34,0,22,0,0,11,34.1,23,16,13,2,18,4,34,0,0,2,145,111,3.46,1.194,6.0,0.5,4.7,8.9,1.89,jimenda01
195,Joe Jimenez,27,DET,3,2,.600,3.49,62,0,12,0,0,2,56.2,49,24,22,4,13,0,77,0,0,0,231,109,2.00,1.094,7.8,0.6,2.1,12.2,5.92,jimenjo02
196,Janson Junk,26,LAA,1,1,.500,6.48,3,2,1,0,0,0,8.1,10,6,6,1,3,0,11,0,0,0,37,65,3.11,1.560,10.8,1.1,3.2,11.9,3.67,junkja01
197,James Kaprielian,28,OAK,5,9,.357,4.23,26,26,0,0,0,0,134.0,121,68,63,16,59,0,98,5,0,2,577,88,4.64,1.343,8.1,1.1,4.0,6.6,1.66,kaprija01
198,James Karinchak,26,CLE,2,0,1.000,2.08,38,0,9,0,0,3,39.0,22,9,9,2,21,0,62,1,0,4,160,185,2.29,1.103,5.1,0.5,4.8,14.3,2.95,karinja01
199,Anthony Kay*,27,TOR,0,0,,4.50,1,0,1,0,0,0,2.0,2,1,1,0,1,0,3,1,0,0,10,103,3.11,1.500,9.0,0.0,4.5,13.5,3.00,kayan01
200,Brad Keller,26,KCR,6,14,.300,5.09,35,22,4,0,0,1,139.2,153,86,79,17,57,1,102,2,0,11,617,80,4.50,1.504,9.9,1.1,3.7,6.6,1.79,kellebr01
201,Joe Kelly,34,CHW,1,3,.250,6.08,43,1,4,0,0,1,37.0,36,26,25,2,23,0,53,3,0,4,170,66,3.06,1.595,8.8,0.5,5.6,12.9,2.30,kellyjo05
202,Zack Kelly,27,BOS,1,0,1.000,3.95,13,0,2,0,0,0,13.2,14,6,6,2,4,0,11,0,0,0,59,109,4.28,1.317,9.2,1.3,2.6,7.2,2.75,kellyza01
203,Dallas Keuchel*,34,TOT,2,7,.222,9.00,10,10,0,0,0,0,42.0,67,47,42,7,24,2,27,0,0,3,214,45,5.71,2.167,14.4,1.5,5.1,5.8,1.13,keuchda01
204,Yusei Kikuchi*,31,TOR,6,7,.462,5.19,32,20,4,0,0,1,100.2,93,67,58,23,58,0,124,9,0,3,454,75,5.62,1.500,8.3,2.1,5.2,11.1,2.14,kikucyu01
205,John King*,27,TEX,1,4,.200,4.03,39,0,5,0,0,0,51.1,61,27,23,5,14,3,30,1,0,2,222,98,4.09,1.461,10.7,0.9,2.5,5.3,2.14,kingjo01
206,Michael King,27,NYY,6,3,.667,2.29,34,0,10,0,0,1,51.0,35,15,13,3,16,2,66,0,0,2,199,171,2.23,1.000,6.2,0.5,2.8,11.6,4.13,kingmi01
207,George Kirby,24,SEA,8,5,.615,3.39,25,25,0,0,0,0,130.0,135,54,49,13,22,0,133,5,0,4,542,109,2.99,1.208,9.3,0.9,1.5,9.2,6.05,kirbyge01
208,Andrew Kittredge,32,TBR,3,1,.750,3.15,17,0,9,0,0,5,20.0,15,7,7,4,2,0,14,0,0,0,75,117,4.61,0.850,6.8,1.8,0.9,6.3,7.00,kittran01
209,Corey Kluber,36,TBR,10,10,.500,4.34,31,31,0,0,0,0,164.0,178,82,79,20,21,0,139,10,0,2,689,84,3.57,1.213,9.8,1.1,1.2,7.6,6.62,klubeco01
210,Dusten Knight,31,TBR,0,1,.000,5.73,6,0,3,0,0,0,11.0,11,8,7,4,4,1,9,0,0,1,49,66,7.29,1.364,9.0,3.3,3.3,7.4,2.25,knighdu01
211,Matt Koch,31,SEA,0,0,,8.31,4,0,2,0,0,0,4.1,5,4,4,2,1,0,3,0,0,0,19,49,8.42,1.385,10.4,4.2,2.1,6.2,3.00,kochma01
212,Jared Koenig*,28,OAK,1,3,.250,5.72,10,5,4,0,0,0,39.1,40,25,25,4,15,0,22,5,1,4,177,66,4.84,1.398,9.2,0.9,3.4,5.0,1.47,koenija01
213,Adam Kolarek*,33,OAK,0,1,.000,4.58,15,0,7,0,0,0,17.2,20,9,9,1,8,0,9,3,0,0,79,83,4.70,1.585,10.2,0.5,4.1,4.6,1.13,kolarad01
214,Michael Kopech,26,CHW,5,9,.357,3.54,25,25,0,0,0,0,119.1,85,53,47,15,57,0,105,3,2,2,494,112,4.50,1.190,6.4,1.1,4.3,7.9,1.84,kopecmi01
215,Jackson Kowar,25,KCR,0,0,,9.77,7,0,3,0,0,0,15.2,27,17,17,4,11,0,17,0,0,0,82,43,6.37,2.426,15.5,2.3,6.3,9.8,1.55,kowarja01
216,Joey Krehbiel,29,BAL,5,5,.500,3.90,56,0,8,0,0,1,57.2,53,28,25,9,18,1,45,3,0,1,244,103,4.67,1.231,8.3,1.4,2.8,7.0,2.50,krehbjo01
217,Dean Kremer,26,BAL,8,7,.533,3.23,22,21,0,1,1,0,125.1,123,48,45,11,34,0,87,5,0,5,512,124,3.80,1.253,8.8,0.8,2.4,6.2,2.56,kremede01
218,Travis Lakins Sr.,28,BAL,0,1,.000,9.58,6,0,3,0,0,0,10.1,14,11,11,3,6,0,8,1,0,1,50,43,7.37,1.935,12.2,2.6,5.2,7.0,1.33,lakintr01
219,Jimmy Lambert,27,CHW,1,2,.333,3.26,42,2,7,0,0,0,47.0,40,18,17,4,24,0,45,1,0,5,204,123,3.90,1.362,7.7,0.8,4.6,8.6,1.88,lambeji01
220,Alex Lange,26,DET,7,4,.636,3.69,71,0,11,0,0,0,63.1,48,30,26,5,31,1,82,5,0,15,271,103,3.26,1.247,6.8,0.7,4.4,11.7,2.65,langeal01
221,Derek Law,31,DET,0,1,.000,4.50,2,0,1,0,0,0,2.0,4,5,1,1,1,0,2,1,0,1,13,101,10.61,2.500,18.0,4.5,4.5,9.0,2.00,lawde01
222,Casey Lawrence,34,TOR,0,1,.000,7.50,6,0,2,0,0,0,18.0,23,15,15,5,4,0,11,1,0,0,79,53,6.34,1.500,11.5,2.5,2.0,5.5,2.75,lawreca01
223,Jose Leclerc,28,TEX,0,3,.000,2.83,39,0,20,0,0,7,47.2,33,17,15,5,21,0,54,3,0,2,198,140,3.72,1.133,6.2,0.9,4.0,10.2,2.57,leclejo01
224,Jacob Lemoine,28,OAK,0,0,,7.71,9,0,2,0,0,0,16.1,18,15,14,4,7,1,13,0,0,1,74,50,5.99,1.531,9.9,2.2,3.9,7.2,1.86,lemoija01
225,Sandy Leon,33,CLE,0,0,,0.00,1,0,1,0,0,0,2.0,0,0,0,0,0,0,0,0,0,0,6,,3.11,0.000,0.0,0.0,0.0,0.0,,leonsa01
226,Jonathan Loaisiga,27,NYY,2,3,.400,4.13,50,0,9,0,0,2,48.0,43,25,22,3,19,1,37,0,0,0,203,95,3.57,1.292,8.1,0.6,3.6,6.9,1.95,loaisjo01
227,Zach Logue*,26,OAK,3,8,.273,6.79,14,10,1,0,0,0,57.0,68,44,43,13,20,0,42,2,0,0,257,55,5.76,1.544,10.7,2.1,3.2,6.6,2.10,logueza01
228,Jorge Lopez,29,TOT,4,7,.364,2.54,67,0,47,0,0,23,71.0,53,26,20,4,31,5,72,7,2,5,298,158,3.42,1.183,6.7,0.5,3.9,9.1,2.32,lopezjo02
229,Nicky Lopez,27,KCR,0,0,,18.00,1,0,1,0,0,0,1.0,3,2,2,2,0,0,0,0,0,0,6,31,29.11,3.000,27.0,18.0,0.0,0.0,,lopezni01
230,Reynaldo Lopez,28,CHW,6,4,.600,2.76,61,1,8,0,0,0,65.1,51,24,20,1,11,1,63,1,0,4,254,145,1.93,0.949,7.0,0.1,1.5,8.7,5.73,lopezre01
231,Michael Lorenzen,30,LAA,8,6,.571,4.24,18,18,0,0,0,0,97.2,81,48,46,11,44,0,85,4,0,3,411,95,4.31,1.280,7.5,1.0,4.1,7.8,1.93,lorenmi01
232,Aaron Loup*,34,LAA,0,5,.000,3.84,65,0,7,0,0,1,58.2,54,38,25,4,22,3,52,8,0,0,260,105,3.76,1.295,8.3,0.6,3.4,8.0,2.36,loupaa01
233,Zac Lowther*,26,BAL,0,0,,8.44,1,0,0,0,0,0,5.1,8,6,5,0,2,0,1,1,0,0,28,51,4.43,1.875,13.5,0.0,3.4,1.7,0.50,lowthza01
234,Lucas Luetge*,35,NYY,4,4,.500,2.67,50,0,18,0,0,2,57.1,63,19,17,4,17,1,60,4,0,1,251,147,3.03,1.395,9.9,0.6,2.7,9.4,3.53,luetglu01
235,Jordan Lyles,31,BAL,12,11,.522,4.42,32,32,0,1,0,0,179.0,196,94,88,26,52,0,144,8,0,5,774,91,4.40,1.385,9.9,1.3,2.6,7.2,2.77,lylesjo01
236,Daniel Lynch*,25,KCR,4,13,.235,5.13,27,27,0,0,0,0,131.2,155,79,75,21,52,2,122,5,2,7,600,80,4.63,1.572,10.6,1.4,3.6,8.3,2.35,lynchda02
237,Lance Lynn,35,CHW,8,7,.533,3.99,21,21,0,0,0,0,121.2,120,65,54,19,19,0,124,10,0,4,512,99,3.82,1.142,8.9,1.4,1.4,9.2,6.53,lynnla01
238,Tyler Mahle,27,MIN,1,1,.500,4.41,4,4,0,0,0,0,16.1,13,8,8,4,4,0,12,0,0,0,63,89,5.56,1.041,7.2,2.2,2.2,6.6,3.00,mahlety01
239,Matt Manning,24,DET,2,3,.400,3.43,12,12,0,0,0,0,63.0,55,27,24,6,19,0,48,1,0,2,263,111,3.78,1.175,7.9,0.9,2.7,6.9,2.53,mannima02
240,Alek Manoah,24,TOR,16,7,.696,2.24,31,31,0,0,0,0,196.2,144,55,49,16,51,0,180,15,0,5,786,174,3.35,0.992,6.6,0.7,2.3,8.2,3.53,manoaal01
241,Ron Marinaccio,26,NYY,1,0,1.000,2.05,40,0,8,0,0,0,44.0,22,12,10,2,24,0,56,6,0,5,181,192,3.20,1.045,4.5,0.4,4.9,11.5,2.33,marinro01
242,Parker Markel,31,OAK,0,0,,0.00,3,0,1,0,0,0,3.0,1,0,0,0,5,0,3,0,0,0,13,,6.11,2.000,3.0,0.0,15.0,9.0,0.60,markepa01
243,Jose Marte,26,LAA,0,0,,7.36,11,0,4,0,0,0,11.0,8,9,9,2,18,0,15,0,0,1,58,56,7.66,2.364,6.5,1.6,14.7,12.3,0.83,martejo01
244,Brett Martin*,27,TEX,1,7,.125,4.14,55,1,20,0,0,3,50.0,50,27,23,4,18,3,40,0,0,7,212,95,3.63,1.360,9.0,0.7,3.2,7.2,2.22,martibr01
245,Davis Martin,25,CHW,3,6,.333,4.83,14,9,1,0,0,0,63.1,63,36,34,8,19,1,48,3,0,3,269,82,4.28,1.295,9.0,1.1,2.7,6.8,2.53,martida03
246,Adrian Martinez,25,OAK,4,6,.400,6.24,12,12,0,0,0,0,57.2,69,42,40,13,19,1,53,3,1,6,259,60,5.35,1.526,10.8,2.0,3.0,8.3,2.79,martiad01
247,Seth Martinez,27,HOU,1,1,.500,2.09,29,0,7,0,0,0,38.2,26,10,9,3,14,1,38,1,0,0,155,185,3.32,1.034,6.1,0.7,3.3,8.8,2.71,martise01
248,Phil Maton,29,HOU,0,2,.000,3.84,67,0,10,0,0,0,65.2,58,34,28,10,24,2,73,8,0,0,281,101,4.33,1.249,7.9,1.4,3.3,10.0,3.04,matonph01
249,Mike Mayers,30,LAA,1,1,.500,5.68,24,3,7,0,0,0,50.2,52,35,32,15,18,0,45,2,0,3,223,71,6.37,1.382,9.2,2.7,3.2,8.0,2.50,mayermi01
250,Jack Mayfield,31,LAA,0,0,,0.00,1,0,1,0,0,0,1.0,1,0,0,0,0,0,0,0,0,0,4,,3.11,1.000,9.0,0.0,0.0,0.0,,mayfija01
251,Tim Mayza*,30,TOR,8,1,.889,3.14,63,0,9,0,0,2,48.2,42,19,17,7,12,2,44,1,1,2,193,125,3.98,1.110,7.8,1.3,2.2,8.1,3.67,mayzati01
252,Chris Mazza,32,TBR,1,0,1.000,11.81,2,0,0,0,0,0,5.1,9,10,7,3,6,0,5,2,0,1,35,33,13.05,2.813,15.2,5.1,10.1,8.4,0.83,mazzach01
253,Kirk McCarty*,26,CLE,4,3,.571,4.54,13,2,6,0,0,0,37.2,37,23,19,11,13,1,26,1,0,0,159,85,6.64,1.327,8.8,2.6,3.1,6.2,2.00,mccarki01
254,Shane McClanahan*,25,TBR,12,8,.600,2.54,28,28,0,0,0,0,166.1,116,52,47,19,38,1,194,3,0,9,641,142,3.00,0.926,6.3,1.0,2.1,10.5,5.11,mcclash01
255,Lance McCullers Jr.,28,HOU,4,2,.667,2.27,8,8,0,0,0,0,47.2,37,12,12,4,22,0,50,0,0,1,195,171,3.49,1.238,7.0,0.8,4.2,9.4,2.27,mcculla02
256,Easton McGee,24,TBR,0,0,,0.00,1,0,1,0,0,0,3.0,4,1,0,0,0,0,1,0,0,0,14,,2.45,1.333,12.0,0.0,0.0,3.0,,mcgeeea01
257,Reese McGuire,27,BOS,0,0,,0.00,1,0,1,0,0,0,1.0,0,0,0,0,0,0,0,0,0,0,3,,3.11,0.000,0.0,0.0,0.0,0.0,,mcguire01
258,David McKay,27,TOT,0,0,,6.75,4,0,2,0,0,0,6.2,8,5,5,1,4,0,3,0,0,0,32,66,5.96,1.800,10.8,1.4,5.4,4.1,0.75,mckayda02
259,Ryan McKenna,25,BAL,0,0,,13.50,2,0,2,0,0,0,1.1,5,2,2,0,1,0,0,0,0,0,10,38,5.36,4.500,33.8,0.0,6.8,0.0,0.00,mckenry01
260,Triston McKenzie,24,CLE,11,11,.500,2.96,31,30,1,0,0,0,191.1,138,65,63,25,44,0,190,5,0,8,741,129,3.59,0.951,6.5,1.2,2.1,8.9,4.32,mckentr01
261,John Means*,29,BAL,0,0,,3.38,2,2,0,0,0,0,8.0,8,3,3,0,2,0,7,0,0,0,34,124,2.11,1.250,9.0,0.0,2.3,7.9,3.50,meansjo01
262,Trevor Megill,28,MIN,4,3,.571,4.80,39,0,11,0,0,0,45.0,50,29,24,4,17,0,49,1,0,2,196,81,3.29,1.489,10.0,0.8,3.4,9.8,2.88,megiltr01
263,Daniel Mengden,29,KCR,0,1,.000,5.14,5,1,1,0,0,1,7.0,10,5,4,1,1,0,8,0,0,1,32,84,3.11,1.571,12.9,1.3,1.3,10.3,8.00,mengdda01
264,Whit Merrifield,33,TOR,0,0,,18.00,1,0,1,0,0,0,1.0,2,2,2,1,0,0,0,1,0,0,6,30,19.11,2.000,18.0,9.0,0.0,0.0,,merriwh01
265,Julian Merryweather,30,TOR,0,3,.000,6.75,26,1,6,0,0,0,26.2,31,20,20,4,7,1,23,2,0,1,119,58,4.35,1.425,10.5,1.4,2.4,7.8,3.29,merryju01
266,Tyson Miller,26,TEX,1,2,.333,10.97,4,2,0,0,0,0,10.2,16,14,13,1,8,0,8,2,0,0,56,37,5.64,2.250,13.5,0.8,6.8,6.8,1.00,millety01
267,Wyatt Mills,27,TOT,0,1,.000,4.60,27,0,3,0,0,0,29.1,26,15,15,1,13,2,26,5,0,3,128,88,3.62,1.330,8.0,0.3,4.0,8.0,2.00,millswy01
268,Tommy Milone*,35,SEA,1,1,.500,5.40,7,0,3,0,0,0,16.2,14,10,10,4,6,0,5,1,0,0,69,70,6.89,1.200,7.6,2.2,3.2,2.7,0.83,milonto01
269,Juan Minaya,31,MIN,1,0,1.000,5.59,6,0,2,0,0,0,9.2,8,6,6,0,5,0,11,3,0,2,45,72,3.32,1.345,7.4,0.0,4.7,10.2,2.20,minayju01
270,Anthony Misiewicz*,27,TOT,1,2,.333,4.34,32,0,10,0,0,0,29.0,27,15,14,4,10,2,27,0,0,1,121,92,4.08,1.276,8.4,1.2,3.1,8.4,2.70,misiean01
271,Casey Mize,25,DET,0,1,.000,5.40,2,2,0,0,0,0,10.0,13,6,6,1,2,0,4,0,0,0,45,73,4.21,1.500,11.7,0.9,1.8,3.6,2.00,mizeca01
272,Sam Moll*,30,OAK,2,1,.667,2.91,53,0,7,0,0,0,43.1,33,16,14,5,22,6,46,3,0,2,187,129,4.22,1.269,6.9,1.0,4.6,9.6,2.09,mollsa01
273,Frankie Montas,29,TOT,5,12,.294,4.05,27,27,0,0,0,0,144.1,137,72,65,18,43,3,142,6,0,7,608,94,3.79,1.247,8.5,1.1,2.7,8.9,3.30,montafr02
274,Rafael Montero,31,HOU,5,2,.714,2.37,71,0,25,0,0,14,68.1,47,22,18,3,23,2,73,2,0,1,270,163,2.64,1.024,6.2,0.4,3.0,9.6,3.17,montera01
275,Jordan Montgomery*,29,NYY,3,3,.500,3.69,21,21,0,0,0,0,114.2,103,48,47,15,23,0,97,7,0,3,469,106,3.91,1.099,8.1,1.2,1.8,7.6,4.22,montgjo01
276,Matt Moore*,33,TEX,5,2,.714,1.95,63,0,18,0,0,5,74.0,49,20,16,3,38,2,83,1,0,8,304,203,2.98,1.176,6.0,0.4,4.6,10.1,2.18,moorema02
277,Brian Moran*,33,LAA,0,0,,54.00,1,0,0,0,0,0,0.1,3,2,2,1,1,1,0,0,0,0,5,16,51.11,12.000,81.0,27.0,27.0,0.0,0.00,moranbr01
278,Jovani Moran*,25,MIN,0,1,.000,2.21,31,0,16,0,0,1,40.2,25,11,10,0,18,0,54,0,0,2,164,175,1.79,1.057,5.5,0.0,4.0,12.0,3.00,moranjo01
279,Eli Morgan,26,CLE,5,3,.625,3.38,50,1,7,0,0,0,66.2,46,29,25,10,13,0,72,2,0,0,256,113,3.58,0.885,6.2,1.4,1.8,9.7,5.54,morgael01
280,Cody Morris,25,CLE,1,2,.333,2.28,7,5,0,0,0,0,23.2,21,8,6,3,12,0,23,0,0,1,100,170,4.34,1.394,8.0,1.1,4.6,8.7,1.92,morrico01
281,Andres Munoz,23,SEA,2,5,.286,2.49,64,0,12,0,0,4,65.0,43,20,18,5,15,3,96,4,0,4,248,149,2.04,0.892,6.0,0.7,2.1,13.3,6.40,munozan01
282,Penn Murfee,28,SEA,4,0,1.000,2.99,64,1,15,0,0,0,69.1,48,23,23,7,18,1,76,2,0,2,272,124,3.10,0.952,6.2,0.9,2.3,9.9,4.22,murfepe01
283,Parker Mushinski*,26,HOU,0,0,,3.68,7,0,1,0,0,0,7.1,5,3,3,0,3,0,8,1,0,0,30,110,2.57,1.091,6.1,0.0,3.7,9.8,2.67,mushipa01
284,Hector Neris,33,HOU,6,4,.600,3.72,70,0,26,0,0,3,65.1,49,29,27,3,17,0,79,6,1,6,263,104,2.35,1.010,6.8,0.4,2.3,10.9,4.65,nerishe01
285,Sheldon Neuse,27,OAK,0,0,,0.00,3,0,3,0,0,0,3.2,1,0,0,0,0,0,0,0,0,0,12,,3.11,0.273,2.5,0.0,0.0,0.0,,neusesh01
286,Daniel Norris*,29,DET,2,0,1.000,3.45,14,2,5,0,0,0,28.2,22,11,11,4,8,0,23,5,0,1,116,111,4.68,1.047,6.9,1.3,2.5,7.2,2.88,norrida01
287,Riley O'Brien,27,SEA,0,0,,0.00,1,0,1,0,0,0,1.0,1,0,0,0,1,0,1,0,0,0,5,,4.11,2.000,9.0,0.0,9.0,9.0,1.00,obrieri01
288,Bailey Ober,26,MIN,2,3,.400,3.21,11,11,0,0,0,0,56.0,48,22,20,4,11,0,51,2,1,0,227,120,2.92,1.054,7.7,0.6,1.8,8.2,4.64,oberba01
289,Jake Odorizzi,32,HOU,4,3,.571,3.75,12,12,0,0,0,0,60.0,52,29,25,5,17,0,46,2,0,2,245,103,3.61,1.150,7.8,0.8,2.6,6.9,2.71,odorija01
290,Cristofer Ogando,28,TBR,0,0,,4.15,3,0,2,0,0,0,4.1,4,2,2,0,1,0,2,1,0,0,17,95,3.57,1.154,8.3,0.0,2.1,4.2,2.00,ogandcr01
291,Shohei Ohtani,27,LAA,15,9,.625,2.33,28,28,0,0,0,0,166.0,124,45,43,14,44,0,219,2,0,14,660,172,2.40,1.012,6.7,0.8,2.4,11.9,4.98,ohtansh01
292,Adam Oller,27,OAK,2,8,.200,6.30,19,14,3,0,0,0,74.1,82,55,52,17,39,0,46,2,0,4,337,60,6.50,1.628,9.9,2.1,4.7,5.6,1.18,ollerad01
293,Kaleb Ort,30,BOS,1,2,.333,6.35,25,0,6,0,0,1,28.1,35,23,20,4,15,2,27,2,0,1,134,67,4.84,1.765,11.1,1.3,4.8,8.6,1.80,ortka01
294,Oliver Ortega,25,LAA,1,3,.250,3.71,27,0,7,0,0,1,34.0,32,18,14,5,18,0,33,1,0,5,148,109,4.76,1.471,8.5,1.3,4.8,8.7,1.83,ortegol01
295,Glenn Otto,26,TEX,7,10,.412,4.64,27,27,0,0,0,0,135.2,119,74,70,21,62,0,107,13,0,5,587,85,5.21,1.334,7.9,1.4,4.1,7.1,1.73,ottogl01
296,Chris Owings,30,BAL,0,0,,9.00,1,0,1,0,0,0,1.0,2,1,1,0,0,0,0,0,0,0,5,62,3.11,2.000,18.0,0.0,0.0,0.0,,owingch01
297,Chris Paddack,26,MIN,1,2,.333,4.03,5,5,0,0,0,0,22.1,25,10,10,0,2,0,20,1,0,1,93,97,1.72,1.209,10.1,0.0,0.8,8.1,10.00,paddach01
298,Emilio Pagan,31,MIN,4,6,.400,4.43,59,0,27,0,0,9,63.0,60,36,31,12,26,2,84,1,0,3,274,87,4.21,1.365,8.6,1.7,3.7,12.0,3.23,paganem01
299,Jermaine Palacios,25,MIN,0,0,,0.00,2,0,2,0,0,0,0.2,1,0,0,0,0,0,1,0,0,0,3,,0.11,1.500,13.5,0.0,0.0,13.5,,palacje01
300,Enoli Paredes,26,HOU,0,0,,3.00,3,0,3,0,0,0,3.0,3,1,1,0,3,0,2,0,0,0,14,145,4.78,2.000,9.0,0.0,9.0,6.0,0.67,pareden01
301,Luis Patino,22,TBR,1,2,.333,8.10,6,6,0,0,0,0,20.0,26,18,18,6,13,1,11,1,0,0,98,46,8.01,1.950,11.7,2.7,5.9,5.0,0.85,patinlu01
302,Spencer Patton,34,TEX,0,0,,3.86,7,0,1,0,0,0,7.0,4,3,3,1,3,0,5,2,0,1,29,107,5.68,1.000,5.1,1.3,3.9,6.4,1.67,pattosp01
303,Joel Payamps,28,TOT,3,6,.333,3.23,41,0,16,0,0,0,55.2,60,24,20,7,16,2,41,2,0,3,241,125,4.24,1.365,9.7,1.1,2.6,6.6,2.56,payamjo01
304,Matt Peacock,28,KCR,0,0,,4.91,7,0,5,0,0,0,7.1,9,4,4,0,2,0,4,0,0,1,33,87,2.84,1.500,11.0,0.0,2.5,4.9,2.00,peacoma01
305,Elvis Peguero,25,LAA,0,0,,6.75,13,0,6,0,0,0,17.1,23,16,13,4,5,0,12,0,1,3,77,61,5.59,1.615,11.9,2.1,2.6,6.2,2.40,pegueel01
306,Wandy Peralta*,30,NYY,3,4,.429,2.72,56,0,18,0,0,4,56.1,42,19,17,2,17,1,47,1,1,2,223,144,2.86,1.047,6.7,0.3,2.7,7.5,2.76,peralwa01
307,Wily Peralta,33,DET,2,0,1.000,2.58,28,1,6,0,0,0,38.1,34,12,11,2,24,0,32,1,0,1,168,147,4.08,1.513,8.0,0.5,5.6,7.5,1.33,peralwi01
308,Cionel Pérez*,26,BAL,7,1,.875,1.40,66,0,8,0,0,1,57.2,46,11,9,2,21,1,55,1,0,4,234,287,2.80,1.162,7.2,0.3,3.3,8.6,2.62,perezci01
309,Martin Perez*,31,TEX,12,8,.600,2.89,32,32,0,1,1,0,196.1,178,70,63,11,69,0,169,6,2,6,821,136,3.27,1.258,8.2,0.5,3.2,7.7,2.45,perezma02
310,David Phelps,35,TOR,0,2,.000,2.83,65,1,11,0,0,1,63.2,52,22,20,2,31,0,64,4,0,3,272,138,3.16,1.304,7.4,0.3,4.4,9.0,2.06,phelpda01
311,Brett Phillips,28,TBR,0,0,,18.00,3,0,3,0,0,0,4.0,9,8,8,3,2,0,0,0,0,0,22,22,14.36,2.750,20.3,6.8,4.5,0.0,0.00,phillbr02
312,Konnor Pilkington*,24,CLE,1,2,.333,3.88,15,11,3,0,0,0,58.0,53,30,25,6,32,0,50,2,0,1,258,99,4.49,1.466,8.2,0.9,5.0,7.8,1.56,pilkiko01
313,Chad Pinder,30,OAK,0,0,,27.00,1,0,1,0,0,0,1.0,2,3,3,0,2,0,0,1,0,0,7,19,12.11,4.000,18.0,0.0,18.0,0.0,0.00,pindech01
314,Michael Pineda,33,DET,2,7,.222,5.79,11,11,0,0,0,0,46.2,58,31,30,13,8,0,26,0,0,0,200,66,6.13,1.414,11.2,2.5,1.5,5.0,3.25,pinedmi01
315,Nick Pivetta,29,BOS,10,12,.455,4.56,33,33,0,1,0,0,179.2,175,91,91,27,73,0,175,5,1,10,773,92,4.42,1.380,8.8,1.4,3.7,8.8,2.40,pivetni01
316,Kevin Plawecki,31,BOS,0,0,,0.00,1,0,1,0,0,0,1.0,1,0,0,0,0,0,0,0,0,0,4,,3.11,1.000,9.0,0.0,0.0,0.0,,plaweke01
317,Zach Plesac,27,CLE,3,12,.200,4.31,25,24,0,0,0,0,131.2,136,74,63,19,38,0,100,5,0,4,568,89,4.45,1.322,9.3,1.3,2.6,6.8,2.63,plesaza01
318,Colin Poche*,28,TBR,4,2,.667,3.99,65,0,13,0,0,7,58.2,46,30,26,11,22,0,64,1,0,4,245,91,4.54,1.159,7.1,1.7,3.4,9.8,2.91,pocheco01
319,Zach Pop,25,TOR,2,0,1.000,1.89,17,0,2,0,0,0,19.0,18,4,4,1,2,0,11,1,0,0,74,209,3.11,1.053,8.5,0.5,0.9,5.2,5.50,popza01
320,Ryan Pressly,33,HOU,3,3,.500,2.98,50,0,43,0,0,33,48.1,30,17,16,4,13,0,65,0,0,0,182,130,2.31,0.890,5.6,0.7,2.4,12.1,5.00,pressry01
321,Austin Pruitt,32,OAK,0,1,.000,4.23,39,1,14,0,0,1,55.1,48,29,26,11,9,0,38,1,0,0,224,89,4.87,1.030,7.8,1.8,1.5,6.2,4.22,pruitau01
322,A.J. Puk*,27,OAK,4,3,.571,3.12,62,0,9,0,0,4,66.1,53,27,23,7,23,3,76,10,1,6,281,120,3.69,1.146,7.2,0.9,3.1,10.3,3.30,pukaj01
323,Cal Quantrill,27,CLE,15,5,.750,3.38,32,32,0,0,0,0,186.1,178,78,70,21,47,0,128,10,0,3,770,113,4.12,1.208,8.6,1.0,2.3,6.2,2.72,quantca01
324,Jose Quijada*,26,LAA,0,5,.000,3.98,42,0,11,0,0,3,40.2,25,19,18,5,21,4,52,2,0,1,169,101,3.85,1.131,5.5,1.1,4.6,11.5,2.48,quijajo01
325,Cole Ragans*,24,TEX,0,3,.000,4.95,9,9,0,0,0,0,40.0,43,24,22,6,16,0,27,0,0,2,174,80,4.91,1.475,9.7,1.4,3.6,6.1,1.69,raganco01
326,Brooks Raley*,34,TBR,1,2,.333,2.68,60,0,12,0,0,6,53.2,37,19,16,3,15,0,61,6,0,3,219,136,2.74,0.969,6.2,0.5,2.5,10.2,4.07,raleybr01
327,Yohan Ramirez,27,TOT,1,0,1.000,6.97,8,0,4,0,0,0,10.1,10,8,8,3,7,0,11,3,0,2,51,58,7.66,1.645,8.7,2.6,6.1,9.6,1.57,ramiryo01
328,Drew Rasmussen,26,TBR,11,7,.611,2.84,28,28,0,0,0,0,146.0,121,51,46,13,31,0,125,3,0,10,584,128,3.26,1.041,7.5,0.8,1.9,7.7,4.03,rasmudr01
329,Robbie Ray*,30,SEA,12,12,.500,3.71,32,32,0,0,0,0,189.0,163,80,78,32,62,0,212,7,0,5,775,100,4.17,1.190,7.8,1.5,3.0,10.1,3.42,rayro02
330,Jake Reed,29,BAL,1,0,1.000,6.35,8,0,2,0,0,0,5.2,7,6,4,0,1,0,5,2,1,0,27,67,2.94,1.412,11.1,0.0,1.6,7.9,5.00,reedja02
331,Denyi Reyes,25,BAL,0,0,,2.35,3,1,1,0,0,0,7.2,8,2,2,0,1,0,3,0,0,0,31,179,2.72,1.174,9.4,0.0,1.2,3.5,3.00,reyesde02
332,Gerardo Reyes,29,LAA,0,0,,4.50,2,0,1,0,0,0,2.0,3,1,1,1,3,0,0,0,0,0,12,106,14.11,3.000,13.5,4.5,13.5,0.0,0.00,reyesge01
333,Garrett Richards,34,TEX,1,1,.500,5.27,32,2,11,0,0,1,42.2,44,28,25,3,13,0,36,3,0,2,185,75,3.46,1.336,9.3,0.6,2.7,7.6,2.77,richaga01
334,Trevor Richards,29,TOR,3,2,.600,5.34,62,4,10,0,0,0,64.0,57,41,38,9,35,1,82,1,0,3,281,73,4.07,1.438,8.0,1.3,4.9,11.5,2.34,richatr01
335,Hansel Robles,31,BOS,1,3,.250,5.84,26,0,8,0,0,2,24.2,25,19,16,5,14,1,21,0,2,0,111,73,5.75,1.581,9.1,1.8,5.1,7.7,1.50,robleha01
336,Dereck Rodriguez,30,MIN,0,1,.000,3.52,2,0,1,0,0,0,7.2,7,5,3,3,4,1,4,0,0,0,34,115,8.72,1.435,8.2,3.5,4.7,4.7,1.00,rodride01
337,Eduardo Rodriguez*,29,DET,5,5,.500,4.05,17,17,0,0,0,0,91.0,87,49,41,12,34,0,72,2,0,1,391,93,4.43,1.330,8.6,1.2,3.4,7.1,2.12,rodried05
338,Elvin Rodriguez,24,DET,0,4,.000,10.62,7,5,0,0,0,0,29.2,42,35,35,12,15,1,25,1,0,1,143,36,8.30,1.921,12.7,3.6,4.6,7.6,1.67,rodriel02
339,Yerry Rodriguez,24,TEX,0,0,,0.00,1,0,0,0,0,0,1.0,1,0,0,0,0,0,1,0,0,1,4,,1.11,1.000,9.0,0.0,0.0,9.0,,rodriye01
340,Jordan Romano,29,TOR,5,4,.556,2.11,63,0,52,0,0,36,64.0,44,18,15,4,21,4,73,4,0,0,258,185,2.82,1.016,6.2,0.6,3.0,10.3,3.48,romanjo03
341,Jhon Romero,27,MIN,0,0,,3.60,4,0,3,0,0,0,5.0,9,2,2,0,1,0,6,0,0,0,24,115,1.31,2.000,16.2,0.0,1.8,10.8,6.00,romerjh01
342,Tommy Romero,24,TBR,1,0,1.000,7.71,3,1,1,0,0,0,4.2,3,4,4,2,5,0,5,0,0,0,21,51,9.76,1.714,5.8,3.9,9.6,9.6,1.00,romerto01
343,Sergio Romo,39,TOT,0,1,.000,7.50,23,0,5,0,0,0,18.0,19,16,15,7,6,1,14,0,0,2,79,52,7.61,1.389,9.5,3.5,3.0,7.0,2.33,romose01
344,Kenny Rosenberg*,26,LAA,0,0,,4.22,3,1,1,0,0,0,10.2,9,5,5,1,6,0,8,0,0,0,47,98,4.52,1.406,7.6,0.8,5.1,6.8,1.33,rosenke01
345,Jose Ruiz,27,CHW,1,0,1.000,4.60,63,0,21,0,0,0,60.2,53,32,31,9,33,0,68,0,1,4,265,87,4.43,1.418,7.9,1.3,4.9,10.1,2.06,ruizjo01
346,Norge Ruíz,28,OAK,0,1,.000,7.11,14,0,6,0,0,0,19.0,30,16,15,4,7,0,18,2,0,2,94,54,5.38,1.947,14.2,1.9,3.3,8.5,2.57,ruizno01
347,Joe Ryan,26,MIN,13,8,.619,3.55,27,27,0,0,0,0,147.0,115,60,58,20,47,0,151,10,0,2,604,109,3.99,1.102,7.0,1.2,2.9,9.2,3.21,ryanjo04
348,Hyun Jin Ryu*,35,TOR,2,0,1.000,5.67,6,6,0,0,0,0,27.0,32,17,17,5,4,0,16,0,0,0,113,70,4.78,1.333,10.7,1.7,1.3,5.3,4.00,ryuhy01
349,Chris Sale*,33,BOS,0,1,.000,3.18,2,2,0,0,0,0,5.2,5,3,2,0,1,0,5,1,0,0,25,141,2.41,1.059,7.9,0.0,1.6,7.9,5.00,salech01
350,Aaron Sanchez,29,MIN,0,1,.000,4.71,8,3,2,0,0,0,28.2,31,16,15,2,7,0,25,4,0,1,124,83,3.43,1.326,9.7,0.6,2.2,7.8,3.57,sanchaa01
351,Yolmer Sanchez,30,BOS,0,0,,9.00,1,0,1,0,0,0,1.0,3,1,1,0,0,0,0,0,0,0,6,64,3.11,3.000,27.0,0.0,0.0,0.0,,sanchca01
352,Phoenix Sanders,27,TBR,0,0,,3.07,8,0,3,0,0,0,14.2,12,5,5,0,3,0,12,0,0,0,57,121,2.09,1.023,7.4,0.0,1.8,7.4,4.00,sandeph01
353,Nick Sandlin,25,CLE,5,2,.714,2.25,46,0,11,0,0,0,44.0,27,13,11,2,24,3,41,3,0,1,180,171,3.68,1.159,5.5,0.4,4.9,8.4,1.71,sandlni01
354,Patrick Sandoval*,25,LAA,6,9,.400,2.91,27,27,0,1,1,0,148.2,139,56,48,8,60,0,151,5,0,6,638,138,3.09,1.339,8.4,0.5,3.6,9.1,2.52,sandopa02
355,Cole Sands,24,MIN,0,3,.000,5.87,11,3,5,0,0,1,30.2,35,21,20,4,13,0,28,5,0,1,145,66,4.74,1.565,10.3,1.2,3.8,8.2,2.15,sandsco01
356,Dennis Santana,26,TEX,3,8,.273,5.22,63,1,13,0,0,1,58.2,50,39,34,2,28,1,54,4,0,3,255,76,3.35,1.330,7.7,0.3,4.3,8.3,1.93,santade01
357,Tayler Saucedo*,29,TOR,0,0,,13.50,4,0,0,0,0,0,2.2,6,4,4,3,1,0,0,0,0,0,15,33,18.86,2.625,20.3,10.1,3.4,0.0,0.00,sauceta01
358,Hirokazu Sawamura,34,BOS,1,1,.500,3.73,49,0,11,0,0,0,50.2,45,23,21,4,27,2,40,0,0,8,221,113,4.16,1.421,8.0,0.7,4.8,7.1,1.48,sawamhi01
359,Josh Sborz,28,TEX,1,0,1.000,6.45,19,1,6,0,0,0,22.1,25,16,16,4,11,1,32,0,0,2,100,62,4.05,1.612,10.1,1.6,4.4,12.9,2.91,sborzjo01
360,Clarke Schmidt,26,NYY,5,5,.500,3.12,29,3,7,0,0,2,57.2,46,23,20,5,23,3,56,2,0,0,236,125,3.60,1.197,7.2,0.8,3.6,8.7,2.43,schmicl01
361,John Schreiber,28,BOS,4,4,.500,2.22,64,0,13,0,0,8,65.0,45,19,16,3,19,0,74,4,0,4,257,190,2.50,0.985,6.2,0.4,2.6,10.2,3.89,schrejo01
362,Connor Seabold,26,BOS,0,4,.000,11.29,5,5,0,0,0,0,18.1,35,24,23,5,8,0,19,3,0,4,98,38,6.39,2.345,17.2,2.5,3.9,9.3,2.38,seaboco01
363,JP Sears*,26,TOT,6,3,.667,3.86,17,11,1,0,0,0,70.0,67,31,30,8,23,1,51,2,0,0,288,99,4.21,1.286,8.6,1.0,3.0,6.6,2.22,searsjp01
364,Cody Sedlock,27,BAL,0,0,,15.00,1,0,0,0,0,0,3.0,6,5,5,0,1,0,3,0,0,0,16,30,2.11,2.333,18.0,0.0,3.0,9.0,3.00,sedloco01
365,Sam Selman*,31,OAK,0,0,,4.91,16,0,7,0,0,0,18.1,16,10,10,4,5,0,18,1,0,0,75,78,4.97,1.145,7.9,2.0,2.5,8.8,3.60,selmasa01
366,Anderson Severino*,27,CHW,0,0,,6.14,6,0,4,0,0,0,7.1,7,5,5,0,4,0,9,2,0,2,34,68,3.11,1.500,8.6,0.0,4.9,11.0,2.25,severan01
367,Luis Severino,28,NYY,7,3,.700,3.18,19,19,0,0,0,0,102.0,72,37,36,14,30,0,112,4,0,1,405,123,3.70,1.000,6.4,1.2,2.6,9.9,3.73,severlu01
368,Paul Sewald,32,SEA,5,4,.556,2.67,65,0,37,0,0,20,64.0,32,21,19,10,17,4,72,4,0,1,242,139,3.88,0.766,4.5,1.4,2.4,10.1,4.24,sewalpa01
369,Bryan Shaw,34,CLE,6,2,.750,5.40,60,2,11,0,0,1,58.1,58,38,35,9,26,1,52,4,0,2,261,71,4.88,1.440,8.9,1.4,4.0,8.0,2.00,shawbr01
370,Justus Sheffield*,26,SEA,1,0,1.000,3.86,6,1,3,0,0,0,11.2,9,5,5,1,6,0,7,1,0,0,51,99,4.83,1.286,6.9,0.8,4.6,5.4,1.17,sheffju01
371,Chase Silseth,22,LAA,1,3,.250,6.59,7,7,0,0,0,0,28.2,33,21,21,7,12,0,24,1,0,2,129,61,5.97,1.570,10.4,2.2,3.8,7.5,2.00,silsech01
372,Brady Singer,25,KCR,10,5,.667,3.23,27,24,2,0,0,0,153.1,140,58,55,18,35,0,150,11,1,3,621,127,3.58,1.141,8.2,1.1,2.1,8.8,4.29,singebr01
373,Tarik Skubal*,25,DET,7,8,.467,3.52,21,21,0,0,0,0,117.2,104,53,46,9,32,0,117,1,0,1,477,107,2.96,1.156,8.0,0.7,2.4,8.9,3.66,skubata01
374,Devin Smeltzer*,26,MIN,5,2,.714,3.71,15,12,1,0,0,0,70.1,67,30,29,13,19,0,40,1,0,2,287,104,5.23,1.223,8.6,1.7,2.4,5.1,2.11,smeltde01
375,Joe Smith,38,MIN,1,1,.500,4.61,34,0,3,0,0,0,27.1,33,18,14,7,9,1,17,1,1,0,122,85,6.30,1.537,10.9,2.3,3.0,5.6,1.89,smithjo05
376,Will Smith*,32,HOU,0,2,.000,3.27,24,0,6,0,0,0,22.0,23,10,8,2,4,0,24,0,1,0,90,120,2.66,1.227,9.4,0.8,1.6,9.8,6.00,smithwi04
377,Kirby Snead*,27,OAK,1,1,.500,5.84,46,0,14,0,0,1,44.2,56,31,29,5,22,3,35,2,0,3,210,64,4.61,1.746,11.3,1.0,4.4,7.1,1.59,sneadki01
378,Collin Snider,26,KCR,4,2,.667,6.55,42,0,2,0,0,0,34.1,40,25,25,3,15,0,22,2,0,0,151,63,4.45,1.602,10.5,0.8,3.9,5.8,1.47,snideco01
379,Nicklaus Snyder,26,TEX,0,0,,18.00,2,0,0,0,0,0,1.0,1,2,2,0,3,0,0,0,0,0,7,30,12.11,4.000,9.0,0.0,27.0,0.0,0.00,snydeni01
380,Gregory Soto*,27,DET,2,11,.154,3.28,64,0,54,0,0,30,60.1,49,32,22,2,34,1,60,7,0,3,263,116,3.59,1.376,7.3,0.3,5.1,9.0,1.76,sotogr01
381,Bennett Sousa*,27,CHW,3,0,1.000,8.41,25,0,2,0,0,1,20.1,25,20,19,3,10,1,12,1,0,4,96,48,5.47,1.721,11.1,1.3,4.4,5.3,1.20,sousabe01
382,Gabe Speier*,27,KCR,0,1,.000,2.33,17,1,5,0,0,0,19.1,16,5,5,2,5,0,14,0,0,1,77,179,3.79,1.086,7.4,0.9,2.3,6.5,2.80,speiega01
383,Jeffrey Springs*,29,TBR,9,5,.643,2.46,33,25,0,0,0,0,135.1,114,42,37,14,31,0,144,1,1,1,549,147,3.04,1.071,7.6,0.9,2.1,9.6,4.65,sprinje01
384,Ryne Stanek,30,HOU,2,1,.667,1.15,59,0,10,0,0,1,54.2,36,8,7,2,31,1,62,0,0,4,224,336,3.02,1.226,5.9,0.3,5.1,10.2,2.00,stanery01
385,Cody Stashak,28,MIN,3,0,1.000,3.86,11,0,4,0,0,0,16.1,16,7,7,1,0,0,15,0,0,0,65,102,2.07,0.980,8.8,0.6,0.0,8.3,,stashco01
386,Josh Staumont,28,KCR,3,3,.500,6.45,42,0,15,0,0,3,37.2,37,28,27,3,29,0,43,1,1,5,176,64,4.25,1.752,8.8,0.7,6.9,10.3,1.48,staumjo01
387,Drew Steckenrider,31,SEA,0,2,.000,5.65,16,0,3,0,0,2,14.1,21,9,9,2,5,0,10,0,0,0,68,67,4.58,1.814,13.2,1.3,3.1,6.3,2.00,steckdr01
388,Trevor Stephan,26,CLE,6,5,.545,2.69,66,0,8,0,0,3,63.2,57,24,19,3,18,2,82,4,0,3,267,143,2.19,1.178,8.1,0.4,2.5,11.6,4.56,stephtr01
389,Matt Strahm*,30,BOS,4,4,.500,3.83,50,0,10,0,0,4,44.2,38,24,19,5,17,1,52,5,1,2,193,110,3.72,1.231,7.7,1.0,3.4,10.5,3.06,strahma01
390,Ross Stripling,32,TOR,10,4,.714,3.01,32,24,2,0,0,1,134.1,117,49,45,12,20,0,111,2,0,0,536,129,3.11,1.020,7.8,0.8,1.3,7.4,5.55,stripro01
391,Jose Suarez*,24,LAA,8,8,.500,3.96,22,20,0,0,0,0,109.0,103,49,48,14,33,2,103,4,0,1,462,101,3.91,1.248,8.5,1.2,2.7,8.5,3.12,suarejo01
392,Beau Sulser,28,BAL,0,0,,3.55,6,0,4,0,0,0,12.2,16,5,5,2,3,0,9,0,0,0,53,116,4.46,1.500,11.4,1.4,2.1,6.4,3.00,sulsebe01
393,Erik Swanson,28,SEA,3,2,.600,1.68,57,1,9,0,0,3,53.2,39,11,10,3,10,1,70,1,0,1,206,222,1.85,0.913,6.5,0.5,1.7,11.7,7.00,swanser01
394,Noah Syndergaard,29,LAA,5,8,.385,3.83,15,15,0,0,0,0,80.0,75,36,34,9,22,0,64,4,0,0,338,105,3.95,1.213,8.4,1.0,2.5,7.2,2.91,syndeno01
395,Jameson Taillon,30,NYY,14,5,.737,3.91,32,32,0,0,0,0,177.1,168,78,77,26,32,0,151,5,0,3,728,100,3.94,1.128,8.5,1.3,1.6,7.7,4.72,taillja01
396,Domingo Tapia,30,OAK,0,0,,8.47,11,0,4,0,0,0,17.0,25,16,16,1,14,1,12,1,0,3,90,45,5.11,2.294,13.2,0.5,7.4,6.4,0.86,tapiado01
397,Dillon Tate,28,BAL,4,4,.500,3.05,67,0,13,0,0,5,73.2,57,29,25,6,16,2,60,7,0,3,292,132,3.48,0.991,7.0,0.7,2.0,7.3,3.75,tatedi01
398,Blake Taylor*,26,HOU,1,1,.500,3.94,19,0,4,0,0,0,16.0,15,7,7,1,10,0,9,1,0,2,75,100,4.86,1.563,8.4,0.6,5.6,5.1,0.90,taylobl01
399,Michael A. Taylor,31,KCR,0,0,,9.00,1,0,1,0,0,0,2.0,5,2,2,1,2,0,2,0,0,0,13,54,10.61,3.500,22.5,4.5,9.0,9.0,1.00,taylomi02
400,Ryan Tepera,34,LAA,5,4,.556,3.61,59,0,12,0,0,6,57.1,42,27,23,7,20,3,47,2,0,5,232,112,4.21,1.081,6.6,1.1,3.1,7.4,2.35,teperry01
401,Caleb Thielbar*,35,MIN,4,3,.571,3.49,67,0,10,0,0,1,59.1,51,26,23,5,18,1,80,0,2,1,245,111,2.42,1.163,7.7,0.8,2.7,12.1,4.44,thielca01
402,Ryan Thompson,30,TBR,3,3,.500,3.80,47,0,7,0,0,3,42.2,39,24,18,4,11,2,39,2,1,1,181,96,3.42,1.172,8.2,0.8,2.3,8.2,3.55,thompry02
403,Tyler Thornburg,33,MIN,0,1,.000,2.79,5,0,3,0,0,0,9.2,4,4,3,1,6,0,4,1,0,0,40,143,5.80,1.034,3.7,0.9,5.6,3.7,0.67,thornty01
404,Trent Thornton,28,TOR,0,2,.000,4.11,32,0,6,0,0,0,46.0,40,21,21,7,17,0,37,1,0,1,189,95,4.66,1.239,7.8,1.4,3.3,7.2,2.18,thorntr01
405,Jesus Tinoco,27,TEX,0,0,,2.18,17,2,2,0,0,0,20.2,12,5,5,2,10,0,18,1,0,0,84,184,4.23,1.065,5.2,0.9,4.4,7.8,1.80,tinocje01
406,Luis Torrens,26,SEA,1,0,1.000,4.50,2,0,2,0,0,0,2.0,3,2,1,1,0,0,0,0,0,0,10,99,9.61,1.500,13.5,4.5,0.0,0.0,,torrelu01
407,Touki Toussaint,26,LAA,1,1,.500,4.62,8,2,2,0,0,0,25.1,15,13,13,2,19,0,26,4,0,2,108,88,4.81,1.342,5.3,0.7,6.8,9.2,1.37,toussto01
408,Lou Trivino,30,TOT,2,8,.200,4.53,64,0,30,0,0,11,53.2,64,31,27,6,24,2,67,4,0,3,250,85,3.63,1.640,10.7,1.0,4.0,11.2,2.79,trivilo01
409,Tanner Tully*,27,CLE,0,0,,6.00,3,0,2,0,0,0,6.0,8,4,4,1,6,1,2,0,0,1,30,68,7.61,2.333,12.0,1.5,9.0,3.0,0.33,tullyta01
410,Jose Urquidy,27,HOU,13,8,.619,3.94,29,28,0,0,0,0,164.1,154,74,72,29,38,0,134,7,0,5,681,98,4.60,1.168,8.4,1.6,2.1,7.3,3.53,urquijo01
411,Cesar Valdez,37,LAA,0,0,,9.00,1,0,1,0,0,0,1.0,2,2,1,0,0,0,0,0,0,0,5,62,3.11,2.000,18.0,0.0,0.0,0.0,,valdece01
412,Framber Valdez*,28,HOU,17,6,.739,2.82,31,31,0,3,1,0,201.1,166,71,63,11,67,0,194,11,1,11,827,137,3.06,1.157,7.4,0.5,3.0,8.7,2.90,valdefr01
413,Phillips Valdez,30,BOS,0,1,.000,4.41,13,0,8,0,0,0,16.1,12,11,8,0,7,0,13,6,1,1,72,97,3.91,1.163,6.6,0.0,3.9,7.2,1.86,valdeph01
414,Louie Varland,24,MIN,1,2,.333,3.81,5,5,0,0,0,0,26.0,26,11,11,4,6,1,21,1,0,1,106,103,4.31,1.231,9.0,1.4,2.1,7.3,3.50,varlalo01
415,Andrew Vasquez*,28,TOR,0,0,,8.10,9,0,3,0,0,0,6.2,6,6,6,1,3,0,6,3,1,1,32,51,5.96,1.350,8.1,1.4,4.1,8.1,2.00,vasquan02
416,Vince Velasquez,30,CHW,3,3,.500,4.78,27,9,8,0,0,0,75.1,68,42,40,11,25,0,69,2,1,1,319,83,4.25,1.235,8.1,1.3,3.0,8.2,2.76,velasvi01
417,Justin Verlander,39,HOU,18,4,.818,1.75,28,28,0,0,0,0,175.0,116,43,34,12,29,0,185,6,0,3,666,220,2.49,0.829,6.0,0.6,1.5,9.5,6.38,verlaju01
418,Nick Vespi*,26,BAL,5,0,1.000,4.10,25,0,4,0,0,1,26.1,29,12,12,5,8,1,28,1,0,0,112,99,4.48,1.405,9.9,1.7,2.7,9.6,3.50,vespini01
419,Will Vest,27,DET,3,3,.500,4.00,59,2,8,0,0,1,63.0,62,30,28,6,22,0,63,3,0,7,272,95,3.54,1.333,8.9,0.9,3.1,9.0,2.86,vestwi01
420,Arodys Vizcaino,31,KCR,0,0,,6.35,7,0,1,0,0,0,5.2,4,4,4,1,7,0,3,0,0,0,29,68,8.05,1.941,6.4,1.6,11.1,4.8,0.43,vizcaar01
421,Austin Voth,30,BAL,5,4,.556,3.04,22,17,0,0,0,0,83.0,77,30,28,10,25,0,72,3,0,3,348,132,3.96,1.229,8.3,1.1,2.7,7.8,2.88,vothau01
422,Michael Wacha,30,BOS,11,2,.846,3.32,23,23,0,1,1,0,127.1,111,49,47,18,31,0,104,4,0,4,515,127,4.14,1.115,7.8,1.3,2.2,7.4,3.35,wachami01
423,Ken Waldichuk*,24,OAK,2,2,.500,4.93,7,7,0,0,0,0,34.2,32,19,19,5,10,0,33,4,0,1,146,76,4.30,1.212,8.3,1.3,2.6,8.6,3.30,waldike01
424,Nash Walters,25,LAA,0,0,,0.00,1,0,0,0,0,0,0.1,1,0,0,0,1,0,0,0,0,0,3,,12.11,6.000,27.0,0.0,27.0,0.0,0.00,waltena01
425,Andrew Wantz,26,LAA,2,1,.667,3.22,42,1,7,0,0,0,50.1,37,19,18,8,21,0,52,2,1,2,204,125,4.48,1.152,6.6,1.4,3.8,9.3,2.48,wantzan01
426,Austin Warren,26,LAA,2,0,1.000,5.63,14,0,2,0,0,0,16.0,19,10,10,3,5,2,9,0,1,1,70,73,5.36,1.500,10.7,1.7,2.8,5.1,1.80,warreau01
427,Spenser Watkins,29,BAL,5,6,.455,4.70,23,20,1,0,0,0,105.1,119,59,55,11,30,0,63,4,1,3,459,85,4.24,1.415,10.2,0.9,2.6,5.4,2.10,watkisp01
428,Luke Weaver,28,KCR,0,0,,5.59,14,0,11,0,0,0,19.1,28,15,12,0,8,0,19,2,0,2,95,74,2.70,1.862,13.0,0.0,3.7,8.8,2.38,weavelu01
429,Ryan Weber,31,NYY,0,0,,0.84,5,0,4,0,0,1,10.2,6,1,1,1,1,0,3,0,0,0,37,477,4.05,0.656,5.1,0.8,0.8,2.5,3.00,weberry01
430,Zack Weiss,30,LAA,0,1,.000,3.38,12,0,6,0,0,0,13.1,7,6,5,2,7,2,18,1,0,2,56,122,4.16,1.050,4.7,1.4,4.7,12.2,2.57,weissza01
431,Greg Weissert,27,NYY,3,0,1.000,5.56,12,0,2,0,0,0,11.1,6,7,7,1,5,0,11,2,1,0,48,72,4.17,0.971,4.8,0.8,4.0,8.7,2.20,weissgr01
432,Alex Wells*,25,BAL,0,0,,4.91,2,0,2,0,0,0,3.2,5,2,2,2,0,0,6,0,0,0,16,90,6.93,1.364,12.3,4.9,0.0,14.7,,wellsal01
433,Tyler Wells,27,BAL,7,7,.500,4.25,23,23,0,0,0,0,103.2,90,49,49,16,28,0,76,2,0,0,423,94,4.52,1.138,7.8,1.4,2.4,6.6,2.71,wellsty01
434,Joey Wentz*,24,DET,2,2,.500,3.03,7,7,0,0,0,0,32.2,23,13,11,2,13,0,27,1,0,2,135,126,3.54,1.102,6.3,0.6,3.6,7.4,2.08,wentzjo01
435,Mitch White,27,TOR,0,5,.000,7.74,10,8,1,0,0,0,43.0,59,37,37,3,16,0,31,1,0,1,203,51,3.76,1.744,12.3,0.6,3.3,6.5,1.94,whitemi03
436,Garrett Whitlock,26,BOS,4,2,.667,3.45,31,9,10,0,0,6,78.1,65,32,30,10,15,0,82,1,0,2,311,122,3.29,1.021,7.5,1.1,1.7,9.4,5.47,whitlga01
437,Collin Wiles,28,OAK,0,0,,4.66,4,0,1,0,0,0,9.2,11,6,5,1,2,0,9,1,0,0,41,84,3.53,1.345,10.2,0.9,1.9,8.4,4.50,wilesco01
438,Josh Winckowski,24,BOS,5,7,.417,5.89,15,14,1,0,0,0,70.1,85,47,46,10,27,1,44,2,0,0,316,72,4.95,1.592,10.9,1.3,3.5,5.6,1.63,winckjo01
439,Josh Winder,25,MIN,4,6,.400,4.70,15,11,0,0,0,0,67.0,69,37,35,11,18,0,47,5,0,2,287,82,4.87,1.299,9.3,1.5,2.4,6.3,2.61,windejo01
440,Matt Wisler,29,TBR,3,3,.500,2.25,39,5,10,0,0,1,44.0,30,18,11,6,14,1,35,0,1,1,176,162,4.25,1.000,6.1,1.2,2.9,7.2,2.50,wislema01
441,Simeon Woods Richardson,21,MIN,0,1,.000,3.60,1,1,0,0,0,0,5.0,3,3,2,1,2,0,3,0,0,1,20,115,5.71,1.000,5.4,1.8,3.6,5.4,1.50,woodssi01
442,Jimmy Yacabonis,30,TBR,0,0,,11.57,5,1,2,0,0,0,4.2,8,7,6,1,5,0,6,2,0,0,28,34,7.83,2.786,15.4,1.9,9.6,11.6,1.20,yacabji01
443,Ryan Yarbrough*,30,TBR,3,8,.273,4.50,20,9,2,0,0,0,80.0,88,44,40,12,22,0,61,11,0,3,355,81,4.78,1.375,9.9,1.4,2.5,6.9,2.77,yarbrry01
444,Alex Young*,28,CLE,0,0,,0.00,1,0,1,0,0,0,0.1,1,0,0,0,0,0,1,0,0,0,2,,-2.89,3.000,27.0,0.0,0.0,27.0,,youngal01
445,Danny Young*,28,SEA,0,0,,7.36,2,0,2,0,0,0,3.2,7,3,3,1,2,0,5,0,0,0,20,56,5.57,2.455,17.2,2.5,4.9,12.3,2.50,youngda02
446,Rob Zastryzny*,30,LAA,0,0,,6.00,5,0,1,0,0,0,3.0,2,3,2,0,1,0,2,0,0,1,12,75,2.78,1.000,6.0,0.0,3.0,6.0,2.00,zastrro01
447,Angel Zerpa*,22,KCR,2,1,.667,1.64,3,2,0,0,0,0,11.0,9,3,2,2,3,0,3,0,0,1,44,258,5.75,1.091,7.4,1.6,2.5,2.5,1.00,zerpaan01
448,Bruce Zimmermann*,27,BAL,2,5,.286,5.99,15,13,1,0,0,0,73.2,97,52,49,21,12,0,49,2,0,1,320,67,6.06,1.480,11.9,2.6,1.5,6.0,4.08,zimmebr02